Date,Time,2050012,2044813,2051151,2052038,2052047,2052309,2052487,2052495,2052511
11/21/2015,10:30:00,100.643,100.828,100.74,100.718,100.699,100.664,100.65,100.705,100.688
11/21/2015,10:35:00,100.629,100.826,100.726,100.711,100.659,100.646,100.619,100.705,100.69
11/21/2015,10:40:00,101.679,101.91,101.887,101.77,101.718,101.731,101.696,101.735,101.769
11/21/2015,10:45:00,101.729,101.895,101.842,101.771,101.72,101.783,101.685,101.693,101.767
11/21/2015,10:50:00,102.601,102.837,102.792,102.661,102.611,102.652,102.571,102.629,102.676
11/21/2015,10:55:00,104.344,104.559,104.511,104.398,104.346,104.384,104.305,104.384,104.406
11/21/2015,11:00:00,104.321,104.521,104.465,104.369,104.314,104.334,104.278,104.373,104.374
11/21/2015,11:05:00,104.367,104.544,104.5,104.365,104.326,104.384,104.27,104.37,104.378
11/21/2015,11:10:00,104.358,104.543,104.495,104.37,104.323,104.379,104.262,104.36,104.372
11/21/2015,11:15:00,104.368,104.553,104.501,104.372,104.345,104.39,104.281,104.368,104.389
11/21/2015,11:20:00,104.364,104.551,104.491,104.364,104.34,104.388,104.269,104.357,104.384
11/21/2015,11:25:00,104.341,104.543,104.472,104.347,104.322,104.376,104.247,104.334,104.363
11/21/2015,11:30:00,104.346,104.536,104.465,104.349,104.32,104.377,104.245,104.331,104.364
11/21/2015,11:35:00,104.351,104.542,104.462,104.35,104.325,104.379,104.247,104.332,104.368
11/21/2015,11:40:00,104.339,104.528,104.462,104.344,104.322,104.368,104.238,104.326,104.36
11/21/2015,11:45:00,104.33,104.522,104.463,104.355,104.332,104.361,104.235,104.34,104.36
11/21/2015,11:50:00,104.342,104.53,104.465,104.361,104.335,104.376,104.236,104.341,104.351
11/21/2015,11:55:00,104.343,104.517,104.461,104.355,104.32,104.372,104.237,104.331,104.351
11/21/2015,12:00:00,104.334,104.455,104.444,104.339,104.307,104.352,104.224,104.315,104.33
11/21/2015,12:05:00,104.27,104.433,104.367,104.319,104.289,104.335,104.203,104.297,104.314
11/21/2015,12:10:00,104.273,104.437,104.375,104.331,104.297,104.351,104.217,104.302,104.319
11/21/2015,12:15:00,104.237,104.433,104.356,104.315,104.285,104.333,104.203,104.291,104.301
11/21/2015,12:20:00,104.289,104.455,104.374,104.311,104.281,104.327,104.193,104.284,104.291
11/21/2015,12:25:00,104.251,104.43,104.356,104.305,104.286,104.314,104.189,104.27,104.287
11/21/2015,12:30:00,104.297,104.444,104.362,104.309,104.282,104.321,104.179,104.278,104.296
11/21/2015,12:35:00,104.295,104.428,104.344,104.302,104.267,104.319,104.181,104.267,104.279
11/21/2015,12:40:00,104.265,104.397,104.317,104.277,104.253,104.303,104.159,104.243,104.254
11/21/2015,12:45:00,104.225,104.396,104.309,104.272,104.245,104.279,104.157,104.238,104.251
11/21/2015,12:50:00,104.275,104.379,104.318,104.282,104.254,104.31,104.164,104.251,104.261
11/21/2015,12:55:00,104.284,104.367,104.316,104.281,104.253,104.309,104.165,104.251,104.264
11/21/2015,13:00:00,104.284,104.364,104.314,104.276,104.251,104.308,104.165,104.244,104.265
11/21/2015,13:05:00,104.207,104.369,104.286,104.249,104.235,104.292,104.137,104.221,104.237
11/21/2015,13:10:00,104.192,104.36,104.274,104.237,104.222,104.278,104.136,104.205,104.233
11/21/2015,13:15:00,104.178,104.377,104.299,104.233,104.219,104.252,104.131,104.211,104.226
11/21/2015,13:20:00,104.214,104.364,104.286,104.234,104.209,104.234,104.124,104.197,104.218
11/21/2015,13:25:00,104.229,104.343,104.271,104.229,104.217,104.224,104.13,104.196,104.225
11/21/2015,13:30:00,104.224,104.319,104.258,104.213,104.196,104.2,104.121,104.187,104.207
11/21/2015,13:35:00,104.228,104.301,104.246,104.206,104.184,104.183,104.102,104.173,104.205
11/21/2015,13:40:00,104.227,104.295,104.245,104.204,104.192,104.204,104.1,104.168,104.202
11/21/2015,13:45:00,104.16,104.274,104.234,104.194,104.175,104.214,104.096,104.146,104.189
11/21/2015,13:50:00,104.151,104.268,104.231,104.189,104.17,104.224,104.093,104.155,104.18
11/21/2015,13:55:00,104.143,104.269,104.226,104.186,104.158,104.228,104.085,104.148,104.189
11/21/2015,14:00:00,104.152,104.283,104.208,104.173,104.16,104.22,104.09,104.137,104.174
11/21/2015,14:05:00,104.193,104.307,104.213,104.191,104.17,104.24,104.098,104.15,104.181
11/21/2015,14:10:00,104.205,104.317,104.24,104.194,104.173,104.242,104.104,104.165,104.184
11/21/2015,14:15:00,104.208,104.304,104.247,104.189,104.166,104.207,104.096,104.156,104.178
11/21/2015,14:20:00,104.204,104.27,104.231,104.178,104.151,104.177,104.086,104.144,104.151
11/21/2015,14:25:00,104.218,104.279,104.238,104.192,104.163,104.179,104.101,104.148,104.155
11/21/2015,14:30:00,104.219,104.282,104.239,104.189,104.141,104.172,104.098,104.158,104.152
11/21/2015,14:35:00,104.214,104.267,104.221,104.181,104.14,104.167,104.092,104.154,104.152
11/21/2015,14:40:00,104.158,104.254,104.212,104.176,104.13,104.159,104.084,104.145,104.16
11/21/2015,14:45:00,104.147,104.237,104.203,104.164,104.127,104.16,104.079,104.124,104.145
11/21/2015,14:50:00,104.15,104.239,104.203,104.171,104.131,104.154,104.084,104.127,104.152
11/21/2015,14:55:00,104.148,104.24,104.206,104.165,104.128,104.157,104.076,104.133,104.143
11/21/2015,15:00:00,104.138,104.235,104.198,104.154,104.114,104.152,104.068,104.121,104.133
11/21/2015,15:05:00,104.135,104.233,104.195,104.157,104.117,104.141,104.068,104.126,104.136
11/21/2015,15:10:00,104.143,104.238,104.2,104.168,104.127,104.145,104.081,104.136,104.149
11/21/2015,15:15:00,104.133,104.232,104.193,104.151,104.113,104.146,104.066,104.121,104.13
11/21/2015,15:20:00,104.132,104.231,104.19,104.155,104.113,104.138,104.071,104.123,104.136
11/21/2015,15:25:00,104.124,104.232,104.186,104.147,104.106,104.13,104.062,104.115,104.124
11/21/2015,15:30:00,104.111,104.216,104.174,104.131,104.107,104.118,104.048,104.097,104.122
11/21/2015,15:35:00,104.101,104.219,104.17,104.129,104.095,104.114,104.046,104.099,104.11
11/21/2015,15:40:00,104.103,104.215,104.168,104.125,104.089,104.11,104.044,104.096,104.105
11/21/2015,15:45:00,104.095,104.213,104.163,104.121,104.079,104.105,104.037,104.087,104.097
11/21/2015,15:50:00,104.092,104.203,104.161,104.11,104.084,104.096,104.03,104.08,104.103
11/21/2015,15:55:00,104.098,104.2,104.158,104.112,104.068,104.088,104.032,104.084,104.092
11/21/2015,16:00:00,104.087,104.202,104.157,104.106,104.068,104.084,104.022,104.078,104.09
11/21/2015,16:05:00,104.066,104.196,104.151,104.096,104.055,104.079,104.012,104.066,104.082
11/21/2015,16:10:00,104.069,104.197,104.144,104.092,104.052,104.077,104.013,104.066,104.077
11/21/2015,16:15:00,104.06,104.187,104.14,104.089,104.044,104.075,104.004,104.061,104.069
11/21/2015,16:20:00,104.064,104.189,104.143,104.091,104.058,104.075,104.008,104.055,104.088
11/21/2015,16:25:00,104.059,104.187,104.138,104.094,104.055,104.07,104.016,104.067,104.085
11/21/2015,16:30:00,104.051,104.185,104.13,104.084,104.046,104.061,104.003,104.054,104.075
11/21/2015,16:35:00,104.044,104.175,104.127,104.075,104.031,104.057,103.997,104.048,104.07
11/21/2015,16:40:00,104.039,104.175,104.124,104.074,104.03,104.054,104,104.046,104.068
11/21/2015,16:45:00,104.032,104.166,104.115,104.065,104.024,104.047,103.989,104.038,104.057
11/21/2015,16:50:00,104.033,104.173,104.117,104.066,104.027,104.05,103.987,104.038,104.06
11/21/2015,16:55:00,104.035,104.176,104.142,104.064,104.021,104.049,103.995,104.042,104.06
11/21/2015,17:00:00,104.033,104.174,104.131,104.064,104.019,104.049,103.99,104.037,104.058
11/21/2015,17:05:00,104.029,104.175,104.117,104.054,104.025,104.046,103.983,104.03,104.068
11/21/2015,17:10:00,104.032,104.182,104.123,104.071,104.034,104.048,103.996,104.047,104.074
11/21/2015,17:15:00,104.032,104.171,104.12,104.065,104.025,104.045,103.995,104.045,104.067
11/21/2015,17:20:00,104.032,104.183,104.136,104.07,104.027,104.05,103.999,104.048,104.071
11/21/2015,17:25:00,104.034,104.182,104.13,104.07,104.032,104.052,103.999,104.05,104.073
11/21/2015,17:30:00,104.034,104.186,104.136,104.073,104.027,104.051,104,104.051,104.073
11/21/2015,17:35:00,104.034,104.184,104.128,104.063,104.021,104.049,103.994,104.044,104.068
11/21/2015,17:40:00,104.041,104.191,104.137,104.077,104.045,104.057,104.001,104.056,104.093
11/21/2015,17:45:00,104.04,104.19,104.135,104.083,104.041,104.057,104.01,104.067,104.086
11/21/2015,17:50:00,104.042,104.196,104.142,104.084,104.046,104.059,104.014,104.068,104.086
11/21/2015,17:55:00,104.047,104.192,104.144,104.084,104.045,104.067,104.016,104.069,104.092
11/21/2015,18:00:00,104.041,104.196,104.138,104.08,104.039,104.065,104.008,104.064,104.084
11/21/2015,18:05:00,104.032,104.192,104.151,104.066,104.025,104.05,103.998,104.055,104.073
11/21/2015,18:10:00,104.053,104.194,104.137,104.079,104.037,104.061,104.004,104.066,104.086
11/21/2015,18:15:00,104.059,104.207,104.153,104.102,104.059,104.083,104.03,104.088,104.107
11/21/2015,18:20:00,104.053,104.207,104.149,104.093,104.055,104.078,104.024,104.083,104.103
11/21/2015,18:25:00,104.054,104.197,104.143,104.089,104.042,104.065,104.015,104.073,104.094
11/21/2015,18:30:00,104.054,104.21,104.149,104.085,104.046,104.072,104.018,104.075,104.102
11/21/2015,18:35:00,104.05,104.214,104.159,104.097,104.055,104.079,104.026,104.084,104.105
11/21/2015,18:40:00,104.046,104.217,104.155,104.098,104.06,104.074,104.03,104.088,104.113
11/21/2015,18:45:00,104.036,104.217,104.169,104.094,104.054,104.07,104.024,104.09,104.111
11/21/2015,18:50:00,104.035,104.225,104.159,104.101,104.061,104.079,104.031,104.093,104.114
11/21/2015,18:55:00,104.042,104.23,104.164,104.105,104.059,104.081,104.033,104.094,104.12
11/21/2015,19:00:00,104.039,104.236,104.158,104.111,104.069,104.077,104.043,104.103,104.126
11/21/2015,19:05:00,104.035,104.233,104.153,104.1,104.065,104.072,104.034,104.097,104.121
11/21/2015,19:10:00,104.035,104.233,104.155,104.104,104.067,104.074,104.037,104.099,104.121
11/21/2015,19:15:00,104.031,104.233,104.153,104.103,104.056,104.066,104.028,104.091,104.13
11/21/2015,19:20:00,104.028,104.236,104.145,104.112,104.074,104.064,104.04,104.109,104.13
11/21/2015,19:25:00,104.035,104.244,104.174,104.112,104.077,104.068,104.044,104.114,104.132
11/21/2015,19:30:00,104.039,104.24,104.166,104.107,104.068,104.073,104.039,104.105,104.123
11/21/2015,19:35:00,104.037,104.248,104.148,104.119,104.082,104.067,104.051,104.115,104.138
11/21/2015,19:40:00,104.044,104.244,104.13,104.113,104.077,104.06,104.046,104.11,104.133
11/21/2015,19:45:00,104.03,104.24,104.11,104.104,104.067,104.055,104.037,104.105,104.123
11/21/2015,19:50:00,104.021,104.245,104.095,104.103,104.064,104.053,104.036,104.1,104.118
11/21/2015,19:55:00,104.012,104.238,104.08,104.107,104.071,104.055,104.041,104.106,104.124
11/21/2015,20:00:00,104.018,104.244,104.071,104.108,104.073,104.056,104.044,104.111,104.131
11/21/2015,20:05:00,104.022,104.245,104.138,104.106,104.066,104.055,104.042,104.109,104.13
11/21/2015,20:10:00,104.019,104.25,104.146,104.107,104.066,104.052,104.036,104.104,104.14
11/21/2015,20:15:00,104.016,104.252,104.157,104.111,104.077,104.058,104.049,104.117,104.138
11/21/2015,20:20:00,104.004,104.242,104.152,104.096,104.064,104.056,104.036,104.103,104.123
11/21/2015,20:25:00,104,104.236,104.152,104.087,104.052,104.052,104.022,104.094,104.113
11/21/2015,20:30:00,104.005,104.243,104.169,104.102,104.067,104.049,104.036,104.109,104.13
11/21/2015,20:35:00,104.032,104.256,104.156,104.113,104.079,104.072,104.048,104.119,104.135
11/21/2015,20:40:00,104.059,104.271,104.144,104.121,104.087,104.071,104.057,104.128,104.144
11/21/2015,20:45:00,104.043,104.275,104.13,104.126,104.095,104.066,104.064,104.139,104.158
11/21/2015,20:50:00,104.025,104.27,104.11,104.123,104.089,104.067,104.062,104.135,104.155
11/21/2015,20:55:00,104.021,104.279,104.101,104.122,104.088,104.06,104.056,104.134,104.147
11/21/2015,21:00:00,104.025,104.271,104.095,104.121,104.09,104.043,104.054,104.129,104.161
11/21/2015,21:05:00,104.037,104.303,104.151,104.127,104.093,104.025,104.065,104.135,104.157
11/21/2015,21:10:00,104.025,104.298,104.164,104.126,104.096,104.014,104.058,104.136,104.154
11/21/2015,21:15:00,104.018,104.298,104.173,104.13,104.099,104.004,104.069,104.148,104.163
11/21/2015,21:20:00,104.022,104.291,104.179,104.127,104.1,103.991,104.065,104.139,104.156
11/21/2015,21:25:00,104.023,104.294,104.185,104.128,104.097,103.986,104.062,104.14,104.158
11/21/2015,21:30:00,104.037,104.28,104.2,104.139,104.108,104.062,104.073,104.15,104.17
11/21/2015,21:35:00,104.023,104.278,104.21,104.134,104.104,104.066,104.071,104.148,104.163
11/21/2015,21:40:00,104.008,104.261,104.204,104.116,104.089,104.059,104.054,104.128,104.147
11/21/2015,21:45:00,104.01,104.258,104.206,104.124,104.096,104.064,104.064,104.136,104.16
11/21/2015,21:50:00,103.998,104.243,104.188,104.114,104.082,104.064,104.05,104.126,104.144
11/21/2015,21:55:00,104.009,104.231,104.172,104.118,104.095,104.07,104.057,104.134,104.153
11/21/2015,22:00:00,103.986,104.213,104.152,104.1,104.076,104.059,104.038,104.114,104.134
11/21/2015,22:05:00,103.976,104.207,104.137,104.106,104.078,104.062,104.046,104.122,104.138
11/21/2015,22:10:00,103.965,104.195,104.118,104.095,104.073,104.05,104.032,104.113,104.132
11/21/2015,22:15:00,103.962,104.188,104.101,104.098,104.074,104.033,104.032,104.11,104.132
11/21/2015,22:20:00,103.98,104.221,104.093,104.098,104.069,104.015,104.036,104.109,104.137
11/21/2015,22:25:00,103.987,104.198,104.079,104.104,104.085,103.998,104.042,104.116,104.145
11/21/2015,22:30:00,103.986,104.187,104.145,104.105,104.08,103.981,104.045,104.116,104.155
11/21/2015,22:35:00,103.983,104.169,104.148,104.097,104.074,103.963,104.037,104.108,104.145
11/21/2015,22:40:00,103.982,104.155,104.159,104.094,104.069,103.953,104.034,104.102,104.142
11/21/2015,22:45:00,103.969,104.14,104.151,104.092,104.067,104.014,104.03,104.101,104.138
11/21/2015,22:50:00,103.965,104.226,104.155,104.084,104.06,104.02,104.025,104.094,104.133
11/21/2015,22:55:00,103.949,104.219,104.155,104.076,104.047,104.017,104.01,104.08,104.117
11/21/2015,23:00:00,103.959,104.237,104.172,104.079,104.053,104.033,104.02,104.085,104.127
11/21/2015,23:05:00,103.957,104.234,104.179,104.089,104.065,104.044,104.028,104.097,104.138
11/21/2015,23:10:00,103.948,104.21,104.161,104.076,104.046,104.035,104.011,104.083,104.121
11/21/2015,23:15:00,103.947,104.188,104.142,104.065,104.037,104.034,104.004,104.073,104.115
11/21/2015,23:20:00,103.943,104.175,104.125,104.067,104.048,104.04,104.016,104.082,104.124
11/21/2015,23:25:00,103.964,104.162,104.111,104.083,104.055,104.036,104.022,104.093,104.13
11/21/2015,23:30:00,103.976,104.153,104.102,104.09,104.062,104.022,104.025,104.097,104.134
11/21/2015,23:35:00,103.968,104.141,104.087,104.086,104.057,104.002,104.024,104.091,104.124
11/21/2015,23:40:00,103.957,104.121,104.065,104.081,104.051,103.979,104.022,104.092,104.121
11/21/2015,23:45:00,103.95,104.11,104.049,104.071,104.044,103.956,104.01,104.079,104.108
11/21/2015,23:50:00,103.948,104.187,104.121,104.07,104.044,103.943,104.004,104.072,104.107
11/21/2015,23:55:00,103.955,104.204,104.142,104.076,104.05,103.935,104.014,104.079,104.11
11/22/2015,0:00:00,103.967,104.22,104.16,104.092,104.063,103.944,104.029,104.097,104.132
11/22/2015,0:05:00,103.961,104.229,104.157,104.081,104.056,103.949,104.021,104.092,104.118
11/22/2015,0:10:00,103.952,104.219,104.162,104.075,104.048,103.952,104.009,104.078,104.11
11/22/2015,0:15:00,103.948,104.198,104.16,104.075,104.047,103.956,104.013,104.084,104.112
11/22/2015,0:20:00,103.944,104.181,104.163,104.068,104.04,103.959,104.005,104.076,104.103
11/22/2015,0:25:00,103.94,104.166,104.16,104.06,104.029,103.962,103.997,104.071,104.091
11/22/2015,0:30:00,103.926,104.137,104.153,104.054,104.03,103.952,103.992,104.064,104.088
11/22/2015,0:35:00,103.927,104.126,104.154,104.047,104.021,103.95,103.987,104.055,104.082
11/22/2015,0:40:00,103.921,104.114,104.138,104.039,104.012,103.946,103.977,104.054,104.075
11/22/2015,0:45:00,103.937,104.106,104.127,104.058,104.034,103.955,103.998,104.076,104.096
11/22/2015,0:50:00,103.932,104.1,104.113,104.053,104.028,103.959,103.987,104.069,104.085
11/22/2015,0:55:00,103.936,104.092,104.097,104.069,104.038,103.96,104,104.078,104.098
11/22/2015,1:00:00,103.937,104.084,104.085,104.064,104.034,103.965,103.997,104.078,104.096
11/22/2015,1:05:00,103.936,104.159,104.066,104.056,104.024,103.964,103.988,104.068,104.088
11/22/2015,1:10:00,103.933,104.17,104.058,104.065,104.03,103.964,103.996,104.077,104.095
11/22/2015,1:15:00,103.935,104.169,104.046,104.06,104.024,103.966,103.99,104.067,104.088
11/22/2015,1:20:00,103.981,104.154,104.029,104.054,104.021,103.953,103.983,104.063,104.083
11/22/2015,1:25:00,103.968,104.154,104.016,104.044,104.008,103.947,103.974,104.05,104.073
11/22/2015,1:30:00,103.958,104.16,104.084,104.034,104.003,103.946,103.965,104.044,104.064
11/22/2015,1:35:00,103.946,104.16,104.081,104.033,104.001,103.936,103.964,104.043,104.068
11/22/2015,1:40:00,103.937,104.155,104.081,104.024,103.991,103.929,103.954,104.035,104.056
11/22/2015,1:45:00,103.934,104.164,104.092,104.033,104.001,103.934,103.964,104.043,104.072
11/22/2015,1:50:00,103.932,104.168,104.097,104.032,104.001,103.933,103.962,104.044,104.065
11/22/2015,1:55:00,103.933,104.175,104.107,104.036,104.004,103.943,103.961,104.04,104.066
11/22/2015,2:00:00,103.938,104.169,104.126,104.052,104.02,103.952,103.979,104.059,104.085
11/22/2015,2:05:00,103.935,104.153,104.131,104.045,104.015,103.953,103.977,104.056,104.081
11/22/2015,2:10:00,103.928,104.138,104.126,104.049,104.017,103.948,103.979,104.056,104.082
11/22/2015,2:15:00,103.928,104.122,104.13,104.044,104.004,103.947,103.973,104.057,104.075
11/22/2015,2:20:00,103.913,104.1,104.123,104.023,104.003,103.94,103.955,104.048,104.072
11/22/2015,2:25:00,103.925,104.092,104.126,104.042,104.014,103.946,103.977,104.059,104.08
11/22/2015,2:30:00,103.92,104.083,104.108,104.035,104.003,103.968,103.966,104.042,104.067
11/22/2015,2:35:00,103.927,104.076,104.097,104.045,104.015,104.056,103.976,104.06,104.082
11/22/2015,2:40:00,103.928,104.066,104.082,104.046,104.013,104.05,103.976,104.06,104.08
11/22/2015,2:45:00,103.931,104.066,104.071,104.056,104.023,104.047,103.988,104.068,104.091
11/22/2015,2:50:00,103.935,104.14,104.064,104.053,104.024,104.044,103.987,104.071,104.089
11/22/2015,2:55:00,103.929,104.141,104.044,104.042,104.023,104.035,103.99,104.07,104.093
11/22/2015,3:00:00,103.928,104.148,104.039,104.05,104.018,104.03,103.981,104.062,104.084
11/22/2015,3:05:00,103.924,104.154,104.025,104.042,104.009,104.022,103.974,104.069,104.073
11/22/2015,3:10:00,103.921,104.151,104.017,104.043,104.011,104.012,103.976,104.058,104.077
11/22/2015,3:15:00,103.917,104.149,104.006,104.031,104.001,104.004,103.966,104.057,104.068
11/22/2015,3:20:00,103.91,104.151,104.064,104.028,103.999,103.992,103.967,104.049,104.07
11/22/2015,3:25:00,103.903,104.141,104.067,104.02,103.986,103.983,103.956,104.037,104.053
11/22/2015,3:30:00,103.899,104.146,104.067,104.02,103.987,103.977,103.954,104.037,104.056
11/22/2015,3:35:00,103.9,104.146,104.072,104.013,103.983,103.971,103.949,104.03,104.049
11/22/2015,3:40:00,103.902,104.133,104.08,104.025,103.993,103.973,103.961,104.041,104.062
11/22/2015,3:45:00,103.903,104.126,104.084,104.023,103.985,103.971,103.953,104.035,104.059
11/22/2015,3:50:00,103.917,104.117,104.099,104.038,103.999,103.975,103.973,104.055,104.073
11/22/2015,3:55:00,103.915,104.108,104.102,104.029,103.994,103.975,103.968,104.049,104.065
11/22/2015,4:00:00,103.917,104.091,104.107,104.034,103.999,103.977,103.969,104.053,104.073
11/22/2015,4:05:00,103.905,104.075,104.096,104.018,103.981,103.967,103.953,104.034,104.055
11/22/2015,4:10:00,103.886,104.055,104.081,104.005,103.972,103.949,103.944,104.027,104.046
11/22/2015,4:15:00,103.885,104.047,104.083,103.998,103.962,103.944,103.938,104.019,104.038
11/22/2015,4:20:00,103.885,104.038,104.082,104.012,103.972,103.945,103.943,104.024,104.046
11/22/2015,4:25:00,103.931,104.034,104.087,103.998,103.963,103.945,103.934,104.023,104.042
11/22/2015,4:30:00,103.949,104.03,104.098,104.011,103.975,103.948,103.948,104.03,104.053
11/22/2015,4:35:00,103.948,104.026,104.1,104.015,103.983,103.948,103.958,104.042,104.058
11/22/2015,4:40:00,103.946,104.025,104.1,104.013,103.98,103.951,103.952,104.038,104.053
11/22/2015,4:45:00,103.946,104.106,104.109,104.023,103.987,103.958,103.963,104.045,104.065
11/22/2015,4:50:00,103.943,104.113,104.116,104.021,103.982,103.958,103.96,104.044,104.062
11/22/2015,4:55:00,103.939,104.129,104.106,104.022,103.99,103.963,103.963,104.047,104.067
11/22/2015,5:00:00,103.927,104.114,104.09,104.007,103.973,103.956,103.948,104.032,104.05
11/22/2015,5:05:00,103.918,104.108,104.07,104.005,103.971,103.946,103.946,104.03,104.049
11/22/2015,5:10:00,103.923,104.12,104.063,104.004,103.971,103.971,103.946,104.03,104.05
11/22/2015,5:15:00,103.925,104.126,104.055,104.014,103.981,103.975,103.958,104.038,104.064
11/22/2015,5:20:00,103.922,104.132,104.046,104.019,103.985,103.973,103.961,104.044,104.069
11/22/2015,5:25:00,103.92,104.131,104.036,104.015,103.978,103.975,103.956,104.035,104.063
11/22/2015,5:30:00,103.909,104.122,104.022,104.006,103.973,103.965,103.949,104.035,104.053
11/22/2015,5:35:00,103.909,104.126,104.015,104.008,103.974,103.963,103.95,104.035,104.056
11/22/2015,5:40:00,103.909,104.127,104.009,104.003,103.964,103.963,103.945,104.026,104.052
11/22/2015,5:45:00,103.907,104.132,104.004,104.009,103.974,103.97,103.957,104.038,104.056
11/22/2015,5:50:00,103.914,104.141,104.003,104.017,103.988,103.975,103.963,104.048,104.069
11/22/2015,5:55:00,103.909,104.134,103.996,104.008,103.976,103.972,103.953,104.034,104.056
11/22/2015,6:00:00,103.912,104.141,103.992,104.015,103.984,103.974,103.96,104.045,104.065
11/22/2015,6:05:00,103.915,104.135,103.989,104.013,103.98,103.976,103.968,104.054,104.071
11/22/2015,6:10:00,103.918,104.125,103.982,104.018,103.981,103.98,103.958,104.045,104.058
11/22/2015,6:15:00,103.918,104.122,104.054,104.023,103.991,103.985,103.969,104.053,104.07
11/22/2015,6:20:00,103.919,104.103,104.059,104.015,104.003,103.982,103.956,104.053,104.07
11/22/2015,6:25:00,103.911,104.099,104.061,104.017,103.999,103.979,103.958,104.043,104.061
11/22/2015,6:30:00,103.917,104.092,104.07,104.022,104.008,103.983,103.969,104.056,104.07
11/22/2015,6:35:00,103.919,104.09,104.074,104.019,104.006,103.986,103.963,104.061,104.078
11/22/2015,6:40:00,103.917,104.083,104.078,104.024,104.01,103.99,103.969,104.053,104.069
11/22/2015,6:45:00,103.921,104.077,104.084,104.029,104.013,103.991,103.974,104.061,104.075
11/22/2015,6:50:00,103.909,104.07,104.072,104.019,104.001,103.982,103.964,104.052,104.066
11/22/2015,6:55:00,103.912,104.066,104.075,104.012,103.995,103.981,103.956,104.044,104.056
11/22/2015,7:00:00,103.91,104.057,104.077,104.015,103.999,103.98,103.96,104.048,104.058
11/22/2015,7:05:00,103.915,104.048,104.088,104.024,104.007,103.985,103.974,104.056,104.069
11/22/2015,7:10:00,103.917,104.055,104.093,104.032,104.01,103.991,103.975,104.061,104.076
11/22/2015,7:15:00,103.918,104.048,104.092,104.019,104,103.993,103.967,104.053,104.062
11/22/2015,7:20:00,103.929,104.059,104.109,104.04,104.013,104.004,103.981,104.067,104.08
11/22/2015,7:25:00,103.933,104.064,104.116,104.046,104.023,104.008,103.992,104.079,104.086
11/22/2015,7:30:00,103.937,104.054,104.121,104.044,104.024,104.01,103.997,104.081,104.088
11/22/2015,7:35:00,103.937,104.058,104.122,104.039,104.029,104.011,103.987,104.082,104.09
11/22/2015,7:40:00,103.936,104.054,104.125,104.043,104.018,104.013,103.987,104.075,104.08
11/22/2015,7:45:00,103.939,104.062,104.125,104.044,104.019,104.011,103.985,104.087,104.077
11/22/2015,7:50:00,103.939,104.096,104.13,104.049,104.03,104.01,103.998,104.082,104.089
11/22/2015,7:55:00,103.942,104.136,104.14,104.055,104.038,104.021,103.991,104.086,104.094
11/22/2015,8:00:00,103.952,104.108,104.14,104.064,104.042,104.028,104.003,104.081,104.097
11/22/2015,8:05:00,103.954,104.122,104.144,104.07,104.04,104.027,104.006,104.1,104.101
11/22/2015,8:10:00,103.959,104.149,104.154,104.07,104.045,104.04,104.008,104.094,104.102
11/22/2015,8:15:00,103.959,104.164,104.148,104.07,104.051,104.035,104.01,104.097,104.106
11/22/2015,8:20:00,103.958,104.192,104.139,104.066,104.042,104.031,104.002,104.088,104.103
11/22/2015,8:25:00,103.974,104.282,104.241,104.073,104.051,104.032,103.994,104.089,104.107
11/22/2015,8:30:00,103.993,104.274,104.256,104.08,104.069,104.046,104.008,104.09,104.111
11/22/2015,8:35:00,104.006,104.274,104.264,104.092,104.081,104.049,104.019,104.099,104.123
11/22/2015,8:40:00,104.021,104.29,104.264,104.103,104.09,104.064,104.014,104.106,104.136
11/22/2015,8:45:00,104.038,104.291,104.277,104.106,104.087,104.076,104.027,104.106,104.134
11/22/2015,8:50:00,104.052,104.302,104.285,104.107,104.09,104.097,104.024,104.099,104.135
11/22/2015,8:55:00,104.066,104.29,104.277,104.112,104.087,104.109,104.017,104.104,104.127
11/22/2015,9:00:00,104.073,104.292,104.277,104.11,104.086,104.126,104.01,104.099,104.122
11/22/2015,9:05:00,104.083,104.283,104.269,104.102,104.089,104.136,103.998,104.085,104.124
11/22/2015,9:10:00,104.098,104.282,104.258,104.098,104.081,104.132,104.002,104.075,104.114
11/22/2015,9:15:00,104.094,104.287,104.259,104.105,104.077,104.129,103.995,104.078,104.104
11/22/2015,9:20:00,104.088,104.281,104.248,104.102,104.07,104.113,103.984,104.071,104.104
11/22/2015,9:25:00,104.08,104.277,104.248,104.092,104.075,104.11,103.984,104.059,104.101
11/22/2015,9:30:00,104.083,104.281,104.247,104.095,104.067,104.111,103.982,104.06,104.095
11/22/2015,9:35:00,104.069,104.267,104.223,104.091,104.073,104.112,103.98,104.077,104.102
11/22/2015,9:40:00,104.086,104.28,104.235,104.091,104.072,104.121,103.989,104.075,104.096
11/22/2015,9:45:00,104.069,104.259,104.248,104.09,104.076,104.118,103.983,104.073,104.095
11/22/2015,9:50:00,104.065,104.254,104.237,104.094,104.075,104.123,103.992,104.073,104.102
11/22/2015,9:55:00,104.065,104.26,104.248,104.103,104.086,104.133,103.994,104.071,104.1
11/22/2015,10:00:00,104.06,104.266,104.259,104.108,104.094,104.143,103.994,104.083,104.108
11/22/2015,10:05:00,104.046,104.254,104.228,104.104,104.101,104.136,103.999,104.077,104.111
11/22/2015,10:10:00,104.058,104.238,104.191,104.112,104.09,104.122,103.992,104.061,104.097
11/22/2015,10:15:00,104.083,104.236,104.191,104.11,104.082,104.128,103.989,104.063,104.095
11/22/2015,10:20:00,104.089,104.252,104.188,104.107,104.092,104.127,103.983,104.067,104.094
11/22/2015,10:25:00,104.091,104.285,104.165,104.098,104.083,104.121,103.984,104.069,104.084
11/22/2015,10:30:00,104.083,104.287,104.209,104.096,104.079,104.119,103.978,104.062,104.087
11/22/2015,10:35:00,104.081,104.275,104.214,104.09,104.069,104.114,103.973,104.061,104.069
11/22/2015,10:40:00,104.078,104.278,104.223,104.093,104.071,104.109,103.968,104.063,104.068
11/22/2015,10:45:00,104.07,104.266,104.216,104.08,104.057,104.097,103.961,104.047,104.058
11/22/2015,10:50:00,104.057,104.214,104.197,104.066,104.046,104.088,103.949,104.041,104.053
11/22/2015,10:55:00,104.053,104.2,104.183,104.062,104.041,104.081,103.944,104.027,104.05
11/22/2015,11:00:00,104.001,104.202,104.115,104.056,104.037,104.074,103.931,104.029,104.049
11/22/2015,11:05:00,103.985,104.189,104.15,104.06,104.038,104.068,103.93,104.028,104.037
11/22/2015,11:10:00,103.997,104.189,104.157,104.045,104.002,104.067,103.929,104.032,104.038
11/22/2015,11:15:00,104.021,104.214,104.162,104.053,104.01,104.068,103.936,104.019,104.038
11/22/2015,11:20:00,104.033,104.237,104.168,104.046,104.01,104.066,103.929,104.016,104.035
11/22/2015,11:25:00,104.036,104.199,104.159,104.045,104.006,104.062,103.922,104.009,104.03
11/22/2015,11:30:00,104.031,104.172,104.104,104.037,104.005,104.054,103.915,103.998,104.022
11/22/2015,11:35:00,104.023,104.147,104.081,104.029,103.997,104.035,103.907,103.996,104.009
11/22/2015,11:40:00,104.018,104.129,104.072,104.024,103.99,104.001,103.902,103.986,104.002
11/22/2015,11:45:00,103.95,104.102,104.054,104.012,103.979,103.97,103.888,103.976,103.992
11/22/2015,11:50:00,103.935,104.129,104.059,104.004,103.971,103.977,103.881,103.964,103.981
11/22/2015,11:55:00,103.958,104.132,104.072,103.992,103.961,103.992,103.872,103.956,103.953
11/22/2015,12:00:00,103.959,104.131,104.069,103.984,103.951,103.989,103.863,103.945,103.948
11/22/2015,12:05:00,103.964,104.115,104.064,103.977,103.948,103.987,103.845,103.938,103.934
11/22/2015,12:10:00,103.965,104.107,104.045,103.96,103.937,103.982,103.84,103.928,103.932
11/22/2015,12:15:00,103.956,104.096,104.005,103.954,103.921,103.982,103.834,103.911,103.93
11/22/2015,12:20:00,103.899,104.097,103.992,103.94,103.922,103.976,103.823,103.897,103.918
11/22/2015,12:25:00,103.875,104.081,103.98,103.94,103.904,103.971,103.822,103.899,103.917
11/22/2015,12:30:00,103.864,104.066,103.968,103.917,103.897,103.96,103.804,103.891,103.895
11/22/2015,12:35:00,103.881,104.055,103.968,103.925,103.904,103.959,103.807,103.884,103.899
11/22/2015,12:40:00,103.902,104.029,103.956,103.921,103.883,103.958,103.804,103.881,103.898
11/22/2015,12:45:00,103.893,103.998,103.942,103.902,103.865,103.9,103.786,103.857,103.876
11/22/2015,12:50:00,103.888,103.978,103.964,103.893,103.869,103.882,103.78,103.849,103.87
11/22/2015,12:55:00,103.894,103.979,103.963,103.896,103.863,103.868,103.785,103.859,103.877
11/22/2015,13:00:00,103.89,103.985,103.96,103.885,103.867,103.872,103.771,103.846,103.863
11/22/2015,13:05:00,103.879,103.972,103.95,103.884,103.856,103.863,103.77,103.848,103.863
11/22/2015,13:10:00,103.877,103.977,103.953,103.872,103.841,103.87,103.757,103.833,103.853
11/22/2015,13:15:00,103.869,103.971,103.94,103.854,103.833,103.868,103.754,103.827,103.843
11/22/2015,13:20:00,103.863,103.974,103.938,103.853,103.826,103.87,103.742,103.818,103.835
11/22/2015,13:25:00,103.86,103.974,103.938,103.846,103.829,103.868,103.734,103.808,103.823
11/22/2015,13:30:00,103.836,103.986,103.942,103.859,103.827,103.873,103.744,103.818,103.837
11/22/2015,13:35:00,103.806,103.985,103.949,103.853,103.833,103.88,103.748,103.827,103.842
11/22/2015,13:40:00,103.802,103.988,103.945,103.856,103.831,103.88,103.747,103.821,103.842
11/22/2015,13:45:00,103.821,103.987,103.953,103.864,103.827,103.883,103.754,103.826,103.844
11/22/2015,13:50:00,103.827,103.983,103.943,103.852,103.829,103.882,103.741,103.812,103.848
11/22/2015,13:55:00,103.834,103.983,103.948,103.846,103.825,103.88,103.748,103.81,103.84
11/22/2015,14:00:00,103.836,103.955,103.89,103.848,103.81,103.872,103.731,103.806,103.827
11/22/2015,14:05:00,103.833,103.938,103.883,103.832,103.805,103.871,103.723,103.794,103.826
11/22/2015,14:10:00,103.839,103.926,103.871,103.826,103.802,103.872,103.732,103.789,103.821
11/22/2015,14:15:00,103.83,103.906,103.855,103.814,103.788,103.858,103.706,103.774,103.809
11/22/2015,14:20:00,103.822,103.894,103.853,103.816,103.776,103.857,103.704,103.775,103.794
11/22/2015,14:25:00,103.826,103.881,103.842,103.805,103.75,103.854,103.702,103.769,103.801
11/22/2015,14:30:00,103.773,103.877,103.845,103.815,103.762,103.819,103.709,103.767,103.791
11/22/2015,14:35:00,103.741,103.886,103.857,103.806,103.758,103.799,103.704,103.761,103.785
11/22/2015,14:40:00,103.76,103.896,103.862,103.791,103.744,103.774,103.689,103.752,103.779
11/22/2015,14:45:00,103.761,103.889,103.859,103.793,103.747,103.764,103.691,103.737,103.77
11/22/2015,14:50:00,103.776,103.897,103.867,103.792,103.75,103.778,103.695,103.753,103.772
11/22/2015,14:55:00,103.778,103.9,103.869,103.786,103.757,103.785,103.685,103.746,103.779
11/22/2015,15:00:00,103.776,103.898,103.867,103.793,103.754,103.785,103.694,103.744,103.774
11/22/2015,15:05:00,103.77,103.893,103.862,103.793,103.748,103.785,103.691,103.753,103.771
11/22/2015,15:10:00,103.781,103.896,103.867,103.785,103.758,103.791,103.692,103.742,103.772
11/22/2015,15:15:00,103.78,103.899,103.867,103.791,103.751,103.797,103.693,103.751,103.766
11/22/2015,15:20:00,103.758,103.886,103.853,103.783,103.756,103.782,103.682,103.741,103.773
11/22/2015,15:25:00,103.765,103.886,103.86,103.793,103.751,103.786,103.692,103.753,103.771
11/22/2015,15:30:00,103.749,103.872,103.845,103.784,103.742,103.775,103.685,103.746,103.76
11/22/2015,15:35:00,103.754,103.874,103.844,103.781,103.743,103.768,103.681,103.744,103.762
11/22/2015,15:40:00,103.742,103.868,103.832,103.783,103.746,103.76,103.684,103.746,103.765
11/22/2015,15:45:00,103.742,103.859,103.823,103.768,103.738,103.758,103.682,103.742,103.759
11/22/2015,15:50:00,103.726,103.853,103.811,103.772,103.726,103.75,103.67,103.732,103.751
11/22/2015,15:55:00,103.72,103.851,103.81,103.763,103.718,103.742,103.663,103.721,103.738
11/22/2015,16:00:00,103.719,103.84,103.805,103.764,103.72,103.74,103.668,103.724,103.742
11/22/2015,16:05:00,103.706,103.833,103.797,103.752,103.705,103.733,103.654,103.711,103.731
11/22/2015,16:10:00,103.702,103.829,103.791,103.747,103.703,103.724,103.655,103.713,103.73
11/22/2015,16:15:00,103.693,103.824,103.785,103.743,103.694,103.716,103.642,103.699,103.719
11/22/2015,16:20:00,103.692,103.816,103.78,103.738,103.692,103.713,103.645,103.704,103.723
11/22/2015,16:25:00,103.688,103.817,103.775,103.734,103.687,103.713,103.639,103.695,103.712
11/22/2015,16:30:00,103.684,103.824,103.776,103.732,103.68,103.709,103.634,103.688,103.709
11/22/2015,16:35:00,103.678,103.813,103.772,103.734,103.685,103.705,103.64,103.695,103.714
11/22/2015,16:40:00,103.672,103.817,103.769,103.726,103.681,103.702,103.632,103.689,103.708
11/22/2015,16:45:00,103.674,103.807,103.765,103.72,103.671,103.698,103.63,103.683,103.701
11/22/2015,16:50:00,103.665,103.807,103.764,103.711,103.663,103.692,103.616,103.67,103.692
11/22/2015,16:55:00,103.664,103.805,103.755,103.714,103.669,103.693,103.624,103.68,103.699
11/22/2015,17:00:00,103.664,103.808,103.762,103.713,103.665,103.689,103.623,103.677,103.698
11/22/2015,17:05:00,103.662,103.807,103.757,103.708,103.66,103.687,103.617,103.671,103.691
11/22/2015,17:10:00,103.659,103.807,103.758,103.705,103.66,103.687,103.616,103.666,103.689
11/22/2015,17:15:00,103.661,103.801,103.758,103.705,103.659,103.689,103.612,103.666,103.693
11/22/2015,17:20:00,103.661,103.813,103.756,103.717,103.667,103.69,103.624,103.679,103.701
11/22/2015,17:25:00,103.661,103.818,103.764,103.717,103.67,103.693,103.628,103.684,103.705
11/22/2015,17:30:00,103.661,103.82,103.767,103.715,103.667,103.69,103.625,103.68,103.701
11/22/2015,17:35:00,103.66,103.82,103.766,103.714,103.662,103.692,103.622,103.676,103.702
11/22/2015,17:40:00,103.66,103.827,103.766,103.712,103.663,103.694,103.622,103.679,103.702
11/22/2015,17:45:00,103.661,103.82,103.765,103.706,103.658,103.687,103.616,103.673,103.694
11/22/2015,17:50:00,103.656,103.818,103.764,103.7,103.649,103.688,103.609,103.663,103.688
11/22/2015,17:55:00,103.66,103.815,103.757,103.708,103.658,103.68,103.618,103.677,103.696
11/22/2015,18:00:00,103.651,103.812,103.76,103.702,103.653,103.681,103.613,103.672,103.696
11/22/2015,18:05:00,103.649,103.818,103.76,103.7,103.65,103.677,103.613,103.667,103.689
11/22/2015,18:10:00,103.641,103.809,103.747,103.69,103.637,103.672,103.599,103.661,103.675
11/22/2015,18:15:00,103.637,103.802,103.746,103.686,103.633,103.671,103.595,103.653,103.672
11/22/2015,18:20:00,103.638,103.813,103.752,103.691,103.638,103.671,103.602,103.661,103.681
11/22/2015,18:25:00,103.629,103.821,103.75,103.699,103.649,103.672,103.612,103.67,103.689
11/22/2015,18:30:00,103.616,103.813,103.749,103.693,103.64,103.67,103.605,103.663,103.686
11/22/2015,18:35:00,103.603,103.819,103.738,103.682,103.632,103.658,103.595,103.658,103.679
11/22/2015,18:40:00,103.603,103.813,103.745,103.684,103.631,103.662,103.596,103.658,103.674
11/22/2015,18:45:00,103.602,103.819,103.748,103.683,103.632,103.664,103.597,103.658,103.678
11/22/2015,18:50:00,103.598,103.821,103.743,103.681,103.639,103.66,103.592,103.654,103.686
11/22/2015,18:55:00,103.592,103.819,103.755,103.683,103.631,103.654,103.593,103.663,103.68
11/22/2015,19:00:00,103.594,103.818,103.746,103.678,103.629,103.655,103.595,103.66,103.678
11/22/2015,19:05:00,103.594,103.812,103.734,103.674,103.621,103.65,103.589,103.655,103.674
11/22/2015,19:10:00,103.581,103.814,103.727,103.671,103.617,103.649,103.585,103.653,103.67
11/22/2015,19:15:00,103.577,103.821,103.716,103.668,103.626,103.647,103.583,103.645,103.679
11/22/2015,19:20:00,103.566,103.818,103.702,103.672,103.619,103.643,103.585,103.651,103.671
11/22/2015,19:25:00,103.556,103.812,103.681,103.668,103.614,103.64,103.581,103.644,103.668
11/22/2015,19:30:00,103.553,103.812,103.66,103.664,103.611,103.641,103.582,103.642,103.666
11/22/2015,19:35:00,103.559,103.794,103.652,103.669,103.628,103.648,103.583,103.662,103.686
11/22/2015,19:40:00,103.565,103.788,103.638,103.684,103.632,103.66,103.603,103.668,103.689
11/22/2015,19:45:00,103.564,103.773,103.63,103.686,103.631,103.671,103.603,103.669,103.69
11/22/2015,19:50:00,103.562,103.757,103.726,103.683,103.628,103.665,103.599,103.666,103.69
11/22/2015,19:55:00,103.57,103.749,103.709,103.695,103.645,103.668,103.615,103.683,103.707
11/22/2015,20:00:00,103.568,103.73,103.693,103.688,103.637,103.663,103.606,103.678,103.699
11/22/2015,20:05:00,103.571,103.722,103.673,103.687,103.636,103.666,103.604,103.674,103.695
11/22/2015,20:10:00,103.57,103.718,103.664,103.686,103.646,103.671,103.616,103.682,103.711
11/22/2015,20:15:00,103.566,103.808,103.649,103.69,103.637,103.673,103.612,103.68,103.702
11/22/2015,20:20:00,103.566,103.806,103.64,103.687,103.636,103.668,103.607,103.675,103.7
11/22/2015,20:25:00,103.558,103.819,103.695,103.681,103.635,103.671,103.6,103.67,103.694
11/22/2015,20:30:00,103.559,103.817,103.707,103.691,103.639,103.673,103.606,103.679,103.702
11/22/2015,20:35:00,103.555,103.824,103.715,103.685,103.634,103.673,103.603,103.675,103.698
11/22/2015,20:40:00,103.557,103.83,103.742,103.684,103.634,103.671,103.604,103.674,103.696
11/22/2015,20:45:00,103.558,103.826,103.749,103.697,103.647,103.671,103.616,103.69,103.708
11/22/2015,20:50:00,103.565,103.817,103.755,103.697,103.648,103.678,103.617,103.691,103.706
11/22/2015,20:55:00,103.565,103.806,103.767,103.702,103.652,103.679,103.62,103.692,103.71
11/22/2015,21:00:00,103.576,103.793,103.766,103.714,103.665,103.687,103.633,103.709,103.728
11/22/2015,21:05:00,103.578,103.784,103.748,103.714,103.665,103.685,103.638,103.712,103.726
11/22/2015,21:10:00,103.574,103.768,103.729,103.705,103.655,103.677,103.626,103.702,103.717
11/22/2015,21:15:00,103.57,103.753,103.711,103.708,103.663,103.671,103.632,103.707,103.722
11/22/2015,21:20:00,103.57,103.748,103.697,103.706,103.657,103.668,103.627,103.704,103.718
11/22/2015,21:25:00,103.568,103.738,103.687,103.703,103.65,103.666,103.623,103.698,103.714
11/22/2015,21:30:00,103.572,103.82,103.675,103.71,103.663,103.668,103.633,103.71,103.721
11/22/2015,21:35:00,103.568,103.832,103.662,103.703,103.654,103.656,103.622,103.699,103.715
11/22/2015,21:40:00,103.575,103.845,103.656,103.701,103.653,103.655,103.625,103.699,103.727
11/22/2015,21:45:00,103.57,103.838,103.724,103.702,103.658,103.644,103.626,103.703,103.717
11/22/2015,21:50:00,103.572,103.852,103.741,103.701,103.655,103.641,103.624,103.705,103.717
11/22/2015,21:55:00,103.622,103.829,103.744,103.703,103.656,103.637,103.625,103.709,103.723
11/22/2015,22:00:00,103.617,103.821,103.744,103.701,103.652,103.629,103.623,103.699,103.713
11/22/2015,22:05:00,103.61,103.796,103.753,103.693,103.645,103.624,103.616,103.693,103.72
11/22/2015,22:10:00,103.596,103.784,103.752,103.688,103.645,103.613,103.613,103.693,103.709
11/22/2015,22:15:00,103.589,103.767,103.755,103.685,103.642,103.601,103.61,103.69,103.704
11/22/2015,22:20:00,103.589,103.757,103.759,103.68,103.641,103.601,103.607,103.697,103.713
11/22/2015,22:25:00,103.578,103.732,103.755,103.683,103.638,103.596,103.607,103.688,103.702
11/22/2015,22:30:00,103.58,103.729,103.757,103.685,103.642,103.604,103.608,103.691,103.703
11/22/2015,22:35:00,103.576,103.721,103.739,103.68,103.64,103.598,103.607,103.683,103.697
11/22/2015,22:40:00,103.573,103.778,103.723,103.689,103.647,103.601,103.615,103.694,103.705
11/22/2015,22:45:00,103.57,103.796,103.705,103.688,103.649,103.612,103.615,103.693,103.708
11/22/2015,22:50:00,103.571,103.81,103.692,103.684,103.647,103.609,103.611,103.692,103.705
11/22/2015,22:55:00,103.571,103.812,103.68,103.696,103.66,103.613,103.628,103.707,103.719
11/22/2015,23:00:00,103.567,103.814,103.666,103.693,103.65,103.606,103.616,103.701,103.71
11/22/2015,23:05:00,103.562,103.82,103.657,103.686,103.645,103.606,103.61,103.693,103.705
11/22/2015,23:10:00,103.561,103.819,103.647,103.685,103.647,103.602,103.616,103.7,103.711
11/22/2015,23:15:00,103.557,103.816,103.722,103.68,103.643,103.598,103.606,103.69,103.699
11/22/2015,23:20:00,103.555,103.822,103.733,103.679,103.64,103.601,103.602,103.688,103.699
11/22/2015,23:25:00,103.554,103.821,103.737,103.684,103.646,103.599,103.614,103.694,103.707
11/22/2015,23:30:00,103.539,103.803,103.743,103.669,103.629,103.584,103.591,103.676,103.691
11/22/2015,23:35:00,103.531,103.784,103.742,103.659,103.617,103.578,103.581,103.668,103.679
11/22/2015,23:40:00,103.532,103.771,103.744,103.664,103.623,103.576,103.59,103.676,103.687
11/22/2015,23:45:00,103.526,103.744,103.739,103.654,103.612,103.572,103.582,103.661,103.675
11/22/2015,23:50:00,103.52,103.725,103.742,103.645,103.605,103.567,103.575,103.656,103.671
11/22/2015,23:55:00,103.523,103.716,103.738,103.656,103.62,103.595,103.587,103.663,103.682
11/23/2015,0:00:00,103.523,103.704,103.719,103.65,103.613,103.591,103.576,103.654,103.674
11/23/2015,0:05:00,103.519,103.692,103.701,103.644,103.607,103.594,103.569,103.648,103.667
11/23/2015,0:10:00,103.517,103.679,103.687,103.648,103.611,103.587,103.581,103.654,103.673
11/23/2015,0:15:00,103.514,103.672,103.668,103.641,103.604,103.583,103.568,103.643,103.668
11/23/2015,0:20:00,103.51,103.745,103.651,103.631,103.593,103.581,103.562,103.635,103.659
11/23/2015,0:25:00,103.498,103.743,103.631,103.628,103.588,103.571,103.556,103.633,103.657
11/23/2015,0:30:00,103.549,103.747,103.615,103.619,103.58,103.561,103.55,103.618,103.646
11/23/2015,0:35:00,103.539,103.743,103.598,103.608,103.567,103.557,103.539,103.61,103.639
11/23/2015,0:40:00,103.53,103.722,103.592,103.612,103.573,103.554,103.544,103.615,103.64
11/23/2015,0:45:00,103.524,103.709,103.579,103.606,103.565,103.553,103.536,103.606,103.629
11/23/2015,0:50:00,103.52,103.694,103.661,103.605,103.559,103.555,103.532,103.614,103.642
11/23/2015,0:55:00,103.519,103.678,103.671,103.613,103.57,103.555,103.54,103.614,103.641
11/23/2015,1:00:00,103.514,103.67,103.67,103.607,103.56,103.558,103.533,103.605,103.633
11/23/2015,1:05:00,103.504,103.653,103.674,103.611,103.571,103.555,103.539,103.613,103.643
11/23/2015,1:10:00,103.506,103.643,103.678,103.608,103.566,103.558,103.539,103.609,103.643
11/23/2015,1:15:00,103.5,103.638,103.685,103.606,103.563,103.554,103.533,103.606,103.633
11/23/2015,1:20:00,103.492,103.622,103.68,103.603,103.562,103.543,103.531,103.602,103.636
11/23/2015,1:25:00,103.488,103.614,103.681,103.598,103.553,103.543,103.527,103.599,103.628
11/23/2015,1:30:00,103.484,103.701,103.685,103.591,103.549,103.543,103.519,103.606,103.619
11/23/2015,1:35:00,103.486,103.702,103.693,103.603,103.56,103.544,103.533,103.602,103.634
11/23/2015,1:40:00,103.484,103.701,103.692,103.596,103.554,103.548,103.526,103.6,103.628
11/23/2015,1:45:00,103.482,103.709,103.697,103.606,103.563,103.546,103.534,103.603,103.636
11/23/2015,1:50:00,103.479,103.702,103.684,103.598,103.556,103.547,103.528,103.598,103.63
11/23/2015,1:55:00,103.479,103.711,103.671,103.604,103.561,103.552,103.538,103.609,103.637
11/23/2015,2:00:00,103.478,103.711,103.653,103.599,103.556,103.546,103.528,103.6,103.632
11/23/2015,2:05:00,103.47,103.709,103.634,103.586,103.547,103.54,103.517,103.588,103.619
11/23/2015,2:10:00,103.476,103.714,103.626,103.602,103.559,103.549,103.533,103.607,103.633
11/23/2015,2:15:00,103.491,103.733,103.622,103.612,103.57,103.565,103.543,103.617,103.64
11/23/2015,2:20:00,103.497,103.739,103.613,103.623,103.587,103.572,103.557,103.63,103.653
11/23/2015,2:25:00,103.505,103.756,103.614,103.632,103.591,103.579,103.564,103.638,103.656
11/23/2015,2:30:00,103.517,103.744,103.614,103.636,103.597,103.588,103.566,103.639,103.662
11/23/2015,2:35:00,103.52,103.735,103.709,103.647,103.606,103.596,103.581,103.655,103.669
11/23/2015,2:40:00,103.513,103.717,103.706,103.636,103.595,103.589,103.57,103.641,103.66
11/23/2015,2:45:00,103.499,103.689,103.7,103.626,103.587,103.574,103.562,103.637,103.652
11/23/2015,2:50:00,103.491,103.679,103.698,103.615,103.576,103.568,103.551,103.624,103.646
11/23/2015,2:55:00,103.479,103.659,103.684,103.595,103.554,103.551,103.526,103.603,103.622
11/23/2015,3:00:00,103.467,103.638,103.671,103.587,103.548,103.539,103.522,103.597,103.617
11/23/2015,3:05:00,103.462,103.622,103.653,103.582,103.537,103.531,103.516,103.589,103.606
11/23/2015,3:10:00,103.455,103.607,103.634,103.578,103.539,103.528,103.517,103.598,103.607
11/23/2015,3:15:00,103.446,103.593,103.614,103.564,103.524,103.522,103.503,103.583,103.594
11/23/2015,3:20:00,103.44,103.586,103.599,103.556,103.52,103.517,103.492,103.587,103.583
11/23/2015,3:25:00,103.439,103.573,103.584,103.557,103.518,103.51,103.49,103.575,103.582
11/23/2015,3:30:00,103.44,103.577,103.574,103.554,103.515,103.51,103.49,103.57,103.577
11/23/2015,3:35:00,103.483,103.612,103.566,103.562,103.523,103.514,103.501,103.579,103.586
11/23/2015,3:40:00,103.504,103.622,103.556,103.563,103.521,103.524,103.5,103.58,103.589
11/23/2015,3:45:00,103.504,103.621,103.557,103.569,103.529,103.525,103.51,103.589,103.598
11/23/2015,3:50:00,103.502,103.627,103.545,103.564,103.522,103.522,103.5,103.593,103.589
11/23/2015,3:55:00,103.502,103.626,103.608,103.577,103.538,103.53,103.514,103.596,103.602
11/23/2015,4:00:00,103.496,103.62,103.624,103.57,103.531,103.53,103.507,103.602,103.594
11/23/2015,4:05:00,103.497,103.63,103.63,103.58,103.541,103.535,103.517,103.599,103.602
11/23/2015,4:10:00,103.487,103.622,103.622,103.565,103.529,103.527,103.501,103.599,103.605
11/23/2015,4:15:00,103.484,103.621,103.648,103.565,103.53,103.522,103.507,103.59,103.593
11/23/2015,4:20:00,103.479,103.619,103.65,103.562,103.542,103.524,103.503,103.596,103.6
11/23/2015,4:25:00,103.486,103.624,103.661,103.577,103.548,103.533,103.517,103.597,103.606
11/23/2015,4:30:00,103.492,103.637,103.67,103.582,103.545,103.539,103.516,103.601,103.605
11/23/2015,4:35:00,103.49,103.638,103.671,103.591,103.56,103.544,103.526,103.609,103.616
11/23/2015,4:40:00,103.49,103.634,103.675,103.588,103.555,103.544,103.529,103.608,103.615
11/23/2015,4:45:00,103.485,103.636,103.677,103.589,103.557,103.543,103.526,103.609,103.615
11/23/2015,4:50:00,103.467,103.619,103.659,103.567,103.531,103.526,103.507,103.59,103.592
11/23/2015,4:55:00,103.453,103.602,103.646,103.551,103.522,103.508,103.496,103.579,103.582
11/23/2015,5:00:00,103.449,103.603,103.652,103.55,103.517,103.509,103.489,103.576,103.578
11/23/2015,5:05:00,103.442,103.596,103.641,103.548,103.514,103.5,103.491,103.573,103.576
11/23/2015,5:10:00,103.429,103.584,103.625,103.53,103.494,103.488,103.468,103.551,103.554
11/23/2015,5:15:00,103.425,103.573,103.609,103.527,103.493,103.483,103.468,103.553,103.558
11/23/2015,5:20:00,103.426,103.588,103.602,103.533,103.497,103.488,103.47,103.565,103.556
11/23/2015,5:25:00,103.44,103.602,103.597,103.549,103.511,103.504,103.493,103.572,103.577
11/23/2015,5:30:00,103.458,103.633,103.597,103.564,103.54,103.524,103.509,103.602,103.606
11/23/2015,5:35:00,103.46,103.635,103.58,103.568,103.534,103.529,103.511,103.597,103.6
11/23/2015,5:40:00,103.469,103.678,103.576,103.573,103.54,103.533,103.52,103.613,103.604
11/23/2015,5:45:00,103.488,103.686,103.583,103.599,103.567,103.552,103.544,103.628,103.631
11/23/2015,5:50:00,103.501,103.693,103.58,103.604,103.579,103.561,103.547,103.645,103.647
11/23/2015,5:55:00,103.495,103.684,103.57,103.604,103.566,103.56,103.55,103.631,103.634
11/23/2015,6:00:00,103.498,103.684,103.63,103.613,103.575,103.562,103.556,103.639,103.646
11/23/2015,6:05:00,103.498,103.678,103.648,103.609,103.571,103.567,103.555,103.636,103.641
11/23/2015,6:10:00,103.507,103.678,103.663,103.618,103.579,103.57,103.562,103.648,103.653
11/23/2015,6:15:00,103.511,103.682,103.67,103.614,103.573,103.576,103.559,103.641,103.647
11/23/2015,6:20:00,103.512,103.68,103.68,103.622,103.582,103.579,103.564,103.648,103.652
11/23/2015,6:25:00,103.507,103.677,103.67,103.614,103.575,103.571,103.563,103.64,103.649
11/23/2015,6:30:00,103.511,103.68,103.674,103.62,103.582,103.573,103.567,103.648,103.656
11/23/2015,6:35:00,103.523,103.685,103.692,103.63,103.592,103.584,103.576,103.663,103.668
11/23/2015,6:40:00,103.546,103.707,103.717,103.655,103.617,103.609,103.605,103.687,103.69
11/23/2015,6:45:00,103.55,103.711,103.722,103.658,103.617,103.609,103.603,103.692,103.695
11/23/2015,6:50:00,103.541,103.705,103.717,103.656,103.615,103.606,103.605,103.687,103.69
11/23/2015,6:55:00,103.549,103.713,103.728,103.667,103.624,103.615,103.611,103.693,103.699
11/23/2015,7:00:00,103.565,103.726,103.739,103.677,103.637,103.625,103.622,103.707,103.711
11/23/2015,7:05:00,103.592,103.745,103.772,103.695,103.648,103.651,103.636,103.732,103.723
11/23/2015,7:10:00,103.601,103.754,103.787,103.705,103.661,103.663,103.652,103.733,103.734
11/23/2015,7:15:00,103.602,103.761,103.789,103.707,103.669,103.667,103.654,103.738,103.738
11/23/2015,7:20:00,103.591,103.747,103.775,103.692,103.652,103.648,103.639,103.72,103.728
11/23/2015,7:25:00,103.586,103.742,103.775,103.69,103.648,103.649,103.637,103.722,103.725
11/23/2015,7:30:00,103.583,103.743,103.769,103.691,103.645,103.645,103.632,103.72,103.727
11/23/2015,7:35:00,103.583,103.744,103.775,103.69,103.648,103.649,103.639,103.724,103.72
11/23/2015,7:40:00,103.578,103.737,103.763,103.682,103.639,103.639,103.627,103.711,103.719
11/23/2015,7:45:00,103.57,103.73,103.759,103.674,103.634,103.63,103.621,103.706,103.708
11/23/2015,7:50:00,103.563,103.728,103.75,103.667,103.628,103.625,103.615,103.699,103.701
11/23/2015,7:55:00,103.569,103.727,103.754,103.672,103.631,103.63,103.618,103.701,103.706
11/23/2015,8:00:00,103.594,103.75,103.78,103.7,103.655,103.653,103.646,103.727,103.731
11/23/2015,8:05:00,103.607,103.767,103.796,103.713,103.667,103.668,103.658,103.741,103.745
11/23/2015,8:10:00,103.615,103.764,103.797,103.716,103.673,103.674,103.663,103.745,103.751
11/23/2015,8:15:00,103.624,103.779,103.814,103.73,103.685,103.685,103.674,103.76,103.759
11/23/2015,8:20:00,103.636,103.792,103.828,103.738,103.69,103.694,103.682,103.768,103.769
11/23/2015,8:25:00,103.641,103.793,103.836,103.745,103.701,103.697,103.692,103.775,103.777
11/23/2015,8:30:00,100.123,100.256,100.209,100.142,100.114,100.135,100.084,100.191,100.213
11/23/2015,8:35:00,100.123,100.254,100.212,100.146,100.105,100.133,100.081,100.186,100.199
11/23/2015,8:40:00,100.132,100.256,100.213,100.145,100.114,100.138,100.084,100.177,100.189
11/23/2015,8:45:00,100.13,100.25,100.209,100.14,100.111,100.134,100.08,100.175,100.188
11/23/2015,8:50:00,100.117,100.241,100.194,100.135,100.108,100.127,100.068,100.169,100.184
11/23/2015,8:55:00,100.115,100.237,100.192,100.129,100.103,100.128,100.064,100.167,100.186
11/23/2015,9:00:00,100.103,100.225,100.182,100.125,100.098,100.117,100.061,100.161,100.171
11/23/2015,9:05:00,100.111,100.228,100.187,100.126,100.094,100.12,100.055,100.166,100.17
11/23/2015,9:10:00,100.113,100.232,100.191,100.137,100.103,100.127,100.061,100.172,100.185
11/23/2015,9:15:00,100.126,100.248,100.202,100.148,100.114,100.137,100.08,100.183,100.193
11/23/2015,9:20:00,100.131,100.252,100.205,100.155,100.132,100.139,100.085,100.196,100.195
11/23/2015,9:25:00,100.137,100.259,100.215,100.163,100.135,100.146,100.089,100.204,100.199
11/23/2015,9:30:00,100.137,100.263,100.216,100.159,100.143,100.147,100.093,100.194,100.19
11/23/2015,9:35:00,100.142,100.279,100.229,100.178,100.142,100.156,100.096,100.202,100.204
11/23/2015,9:40:00,100.148,100.277,100.237,100.184,100.142,100.167,100.096,100.211,100.212
11/23/2015,9:45:00,100.156,100.291,100.24,100.187,100.153,100.165,100.107,100.219,100.221
11/23/2015,9:50:00,100.151,100.287,100.238,100.187,100.152,100.167,100.104,100.219,100.217
11/23/2015,9:55:00,100.15,100.288,100.242,100.195,100.159,100.168,100.101,100.21,100.21
11/23/2015,10:00:00,100.157,100.292,100.244,100.191,100.171,100.171,100.108,100.222,100.215
11/23/2015,10:05:00,100.163,100.303,100.254,100.214,,100.189,100.156,100.264,100.218
11/23/2015,10:10:00,,,100.253,,,100.188,100.181,,100.222
