Date,Time,2050012,2044813,2051151,2052038,2052047,2052309,2052487,2052495,2052511,Actual Water Level (cm)
11/21/2015,10:30:00,24,24.7,24.524,23.5,23.8,24.533,23.7,23.7,23.6,
11/21/2015,10:35:00,23.633,24.192,24.173,23.8,24,23.982,23.5,23.6,23.7,
11/21/2015,10:40:00,24.25,24.346,24.482,23.9,24,24.312,23.9,24,24,
11/21/2015,10:45:00,24.453,24.504,24.628,24.2,24.2,24.492,24.1,24.2,24.2,
11/21/2015,10:50:00,23.636,23.659,23.734,23.5,23.6,23.683,23.5,23.5,23.6,
11/21/2015,10:55:00,23.324,23.398,23.53,23,23,23.414,23,23,23,
11/21/2015,11:00:00,23.185,23.206,23.289,23,23,23.229,23,23.1,23,
11/21/2015,11:05:00,23.565,23.591,23.717,23.2,23.2,23.608,23.2,23.3,23.2,
11/21/2015,11:10:00,23.851,23.892,24.052,23.5,23.4,23.9,23.4,23.5,23.4,
11/21/2015,11:15:00,23.849,23.877,24.013,23.6,23.6,23.91,23.6,23.6,23.6,
11/21/2015,11:20:00,24.139,24.16,24.3,23.8,23.8,24.166,23.8,23.8,23.8,
11/21/2015,11:25:00,24.418,24.442,24.597,24,24,24.435,24,24,24,
11/21/2015,11:30:00,24.62,24.637,24.789,24.2,24.2,24.636,24.2,24.2,24.2,
11/21/2015,11:35:00,24.743,24.756,24.89,24.4,24.4,24.748,24.4,24.4,24.4,
11/21/2015,11:40:00,24.997,24.998,25.139,24.6,24.6,24.976,24.6,24.6,24.6,
11/21/2015,11:45:00,25.229,25.229,25.37,24.9,24.9,25.198,24.8,24.9,24.8,
11/21/2015,11:50:00,25.432,25.423,25.558,25.1,25.1,25.387,25,25.1,25,
11/21/2015,11:55:00,25.631,25.608,25.739,25.3,25.3,25.569,25.3,25.3,25.3,
11/21/2015,12:00:00,25.864,25.832,25.961,25.5,25.5,25.782,25.5,25.5,25.5,
11/21/2015,12:05:00,26.059,26.019,26.14,25.7,25.7,25.965,25.7,25.7,25.7,
11/21/2015,12:10:00,26.24,26.195,26.307,25.9,25.9,26.133,25.9,25.9,25.9,
11/21/2015,12:15:00,26.448,26.386,26.488,26.1,26.1,26.306,26.1,26.1,26.1,
11/21/2015,12:20:00,26.662,26.588,26.678,26.3,26.3,26.455,26.3,26.3,26.3,
11/21/2015,12:25:00,26.661,26.616,26.655,26.4,26.5,26.531,26.4,26.4,26.4,
11/21/2015,12:30:00,26.812,26.714,26.69,26.6,26.6,26.643,26.5,26.6,26.6,
11/21/2015,12:35:00,26.964,26.81,26.812,26.7,26.7,26.803,26.7,26.7,26.7,
11/21/2015,12:40:00,27.238,26.957,27.052,26.9,27,27.052,26.9,26.9,26.9,
11/21/2015,12:45:00,27.101,26.983,27.088,27,27,27.062,27,27,27,
11/21/2015,12:50:00,27.192,27.122,27.237,27.1,27.1,27.179,27.1,27.1,27.1,
11/21/2015,12:55:00,27.369,27.384,27.479,27.3,27.3,27.397,27.3,27.3,27.3,
11/21/2015,13:00:00,27.523,27.496,27.575,27.4,27.4,27.508,27.4,27.4,27.4,
11/21/2015,13:05:00,27.741,27.628,27.706,27.5,27.6,27.654,27.5,27.5,27.5,
11/21/2015,13:10:00,27.864,27.737,27.81,27.6,27.7,27.756,27.7,27.6,27.7,
11/21/2015,13:15:00,27.969,27.842,27.917,27.7,27.8,27.873,27.8,27.8,27.8,
11/21/2015,13:20:00,28.13,27.982,28.052,27.9,27.9,28.015,27.9,27.9,27.9,
11/21/2015,13:25:00,28.246,28.103,28.176,28,28.1,28.143,28.1,28,28.1,
11/21/2015,13:30:00,28.375,28.226,28.296,28.1,28.2,28.277,28.2,28.2,28.2,
11/21/2015,13:35:00,28.501,28.345,28.424,28.3,28.3,28.408,28.3,28.3,28.4,
11/21/2015,13:40:00,28.621,28.473,28.553,28.4,28.5,28.532,28.4,28.4,28.5,
11/21/2015,13:45:00,28.762,28.606,28.683,28.6,28.6,28.663,28.6,28.5,28.6,
11/21/2015,13:50:00,28.886,28.735,28.802,28.7,28.7,28.785,28.7,28.7,28.7,
11/21/2015,13:55:00,28.999,28.861,28.932,28.8,28.8,28.918,28.8,28.8,28.9,
11/21/2015,14:00:00,29.114,28.976,29.048,28.9,29,29.042,29,28.9,29,
11/21/2015,14:05:00,29.242,29.1,29.174,29.1,29.1,29.176,29.1,29,29.1,
11/21/2015,14:10:00,29.357,29.224,29.296,29.2,29.2,29.309,29.2,29.2,29.2,
11/21/2015,14:15:00,29.449,29.319,29.391,29.3,29.3,29.404,29.3,29.3,29.3,
11/21/2015,14:20:00,29.565,29.447,29.517,29.4,29.4,29.526,29.4,29.4,29.5,
11/21/2015,14:25:00,29.606,29.499,29.561,29.5,29.5,29.562,29.5,29.4,29.5,
11/21/2015,14:30:00,29.621,29.518,29.578,29.5,29.5,29.596,29.5,29.5,29.5,
11/21/2015,14:35:00,29.717,29.608,29.671,29.6,29.6,29.686,29.6,29.6,29.6,
11/21/2015,14:40:00,29.812,29.723,29.799,29.7,29.7,29.815,29.7,29.7,29.8,
11/21/2015,14:45:00,29.848,29.775,29.854,29.8,29.8,29.864,29.8,29.7,29.8,
11/21/2015,14:50:00,29.814,29.77,29.837,29.8,29.8,29.84,29.8,29.7,29.8,
11/21/2015,14:55:00,29.773,29.728,29.786,29.7,29.7,29.787,29.7,29.7,29.7,
11/21/2015,15:00:00,29.78,29.732,29.79,29.7,29.7,29.788,29.7,29.7,29.7,
11/21/2015,15:05:00,29.75,29.711,29.768,29.7,29.7,29.763,29.7,29.7,29.7,
11/21/2015,15:10:00,29.699,29.664,29.721,29.7,29.7,29.714,29.7,29.7,29.7,
11/21/2015,15:15:00,29.678,29.636,29.697,29.6,29.6,29.688,29.6,29.6,29.6,
11/21/2015,15:20:00,29.636,29.597,29.657,29.6,29.6,29.644,29.6,29.6,29.6,
11/21/2015,15:25:00,29.552,29.52,29.574,29.5,29.5,29.564,29.5,29.5,29.5,
11/21/2015,15:30:00,29.471,29.442,29.492,29.4,29.5,29.486,29.4,29.4,29.5,
11/21/2015,15:35:00,29.396,29.366,29.417,29.4,29.4,29.411,29.4,29.4,29.4,
11/21/2015,15:40:00,29.323,29.292,29.341,29.3,29.3,29.334,29.3,29.3,29.3,
11/21/2015,15:45:00,29.245,29.213,29.261,29.2,29.2,29.256,29.2,29.2,29.2,
11/21/2015,15:50:00,29.157,29.129,29.176,29.1,29.2,29.172,29.1,29.1,29.2,
11/21/2015,15:55:00,29.073,29.046,29.092,29.1,29.1,29.09,29.1,29.1,29.1,
11/21/2015,16:00:00,28.991,28.964,29.01,29,29,29.006,29,29,29,
11/21/2015,16:05:00,28.904,28.877,28.924,28.9,28.9,28.921,28.9,28.9,28.9,
11/21/2015,16:10:00,28.817,28.791,28.836,28.8,28.8,28.832,28.8,28.8,28.8,
11/21/2015,16:15:00,28.729,28.704,28.747,28.7,28.7,28.746,28.7,28.7,28.7,
11/21/2015,16:20:00,28.64,28.613,28.656,28.6,28.7,28.654,28.6,28.6,28.7,
11/21/2015,16:25:00,28.551,28.525,28.566,28.6,28.6,28.565,28.6,28.6,28.6,
11/21/2015,16:30:00,28.46,28.434,28.476,28.5,28.5,28.475,28.5,28.5,28.5,
11/21/2015,16:35:00,28.368,28.342,28.383,28.4,28.4,28.383,28.4,28.4,28.4,
11/21/2015,16:40:00,28.275,28.249,28.289,28.3,28.3,28.289,28.3,28.3,28.3,
11/21/2015,16:45:00,28.183,28.157,28.197,28.2,28.2,28.197,28.2,28.2,28.2,
11/21/2015,16:50:00,28.095,28.068,28.107,28.1,28.1,28.108,28.1,28.1,28.1,
11/21/2015,16:55:00,28.007,27.98,28.019,28,28,28.02,28,28,28,
11/21/2015,17:00:00,27.914,27.889,27.928,27.9,27.9,27.927,27.9,27.9,27.9,
11/21/2015,17:05:00,27.826,27.798,27.838,27.8,27.9,27.838,27.8,27.8,27.9,
11/21/2015,17:10:00,27.74,27.712,27.75,27.8,27.8,27.752,27.8,27.8,27.8,
11/21/2015,17:15:00,27.652,27.625,27.663,27.7,27.7,27.664,27.7,27.7,27.7,
11/21/2015,17:20:00,27.564,27.537,27.575,27.6,27.6,27.577,27.6,27.6,27.6,
11/21/2015,17:25:00,27.478,27.452,27.489,27.5,27.5,27.49,27.5,27.5,27.5,
11/21/2015,17:30:00,27.392,27.365,27.403,27.4,27.4,27.404,27.4,27.4,27.4,
11/21/2015,17:35:00,27.308,27.281,27.32,27.3,27.3,27.321,27.3,27.3,27.3,
11/21/2015,17:40:00,27.224,27.197,27.235,27.2,27.3,27.236,27.2,27.2,27.3,
11/21/2015,17:45:00,27.136,27.109,27.148,27.2,27.2,27.148,27.2,27.2,27.2,
11/21/2015,17:50:00,27.051,27.025,27.062,27.1,27.1,27.064,27.1,27.1,27.1,
11/21/2015,17:55:00,26.966,26.94,26.978,27,27,26.979,27,27,27,
11/21/2015,18:00:00,26.883,26.855,26.894,26.9,26.9,26.895,26.9,26.9,26.9,
11/21/2015,18:05:00,26.799,26.773,26.81,26.8,26.8,26.812,26.8,26.8,26.8,
11/21/2015,18:10:00,26.714,26.687,26.725,26.7,26.7,26.727,26.7,26.7,26.7,
11/21/2015,18:15:00,26.633,26.605,26.642,26.7,26.7,26.644,26.7,26.7,26.7,
11/21/2015,18:20:00,26.553,26.525,26.562,26.6,26.6,26.564,26.6,26.6,26.6,
11/21/2015,18:25:00,26.475,26.447,26.483,26.5,26.5,26.486,26.5,26.5,26.5,
11/21/2015,18:30:00,26.399,26.371,26.408,26.4,26.4,26.41,26.4,26.4,26.4,
11/21/2015,18:35:00,26.322,26.294,26.332,26.3,26.3,26.335,26.3,26.3,26.3,
11/21/2015,18:40:00,26.248,26.219,26.257,26.3,26.3,26.259,26.3,26.3,26.3,
11/21/2015,18:45:00,26.172,26.143,26.182,26.2,26.2,26.183,26.2,26.2,26.2,
11/21/2015,18:50:00,26.093,26.066,26.104,26.1,26.1,26.106,26.1,26.1,26.1,
11/21/2015,18:55:00,26.017,25.989,26.026,26,26,26.029,26,26,26,
11/21/2015,19:00:00,25.941,25.913,25.95,26,26,25.953,26,26,26,
11/21/2015,19:05:00,25.869,25.84,25.878,25.9,25.9,25.881,25.9,25.9,25.9,
11/21/2015,19:10:00,25.796,25.768,25.806,25.8,25.8,25.807,25.8,25.8,25.8,
11/21/2015,19:15:00,25.722,25.695,25.732,25.7,25.7,25.735,25.7,25.7,25.8,
11/21/2015,19:20:00,25.651,25.623,25.66,25.7,25.7,25.663,25.7,25.7,25.7,
11/21/2015,19:25:00,25.578,25.55,25.587,25.6,25.6,25.589,25.6,25.6,25.6,
11/21/2015,19:30:00,25.505,25.477,25.515,25.5,25.5,25.518,25.5,25.5,25.5,
11/21/2015,19:35:00,25.435,25.405,25.444,25.5,25.5,25.445,25.5,25.5,25.5,
11/21/2015,19:40:00,25.362,25.334,25.372,25.4,25.4,25.375,25.4,25.4,25.4,
11/21/2015,19:45:00,25.291,25.263,25.301,25.3,25.3,25.303,25.3,25.3,25.3,
11/21/2015,19:50:00,25.218,25.19,25.228,25.2,25.2,25.23,25.2,25.2,25.2,
11/21/2015,19:55:00,25.145,25.117,25.155,25.2,25.2,25.157,25.2,25.2,25.2,
11/21/2015,20:00:00,25.072,25.044,25.081,25.1,25.1,25.083,25.1,25.1,25.1,
11/21/2015,20:05:00,24.999,24.97,25.008,25,25,25.009,25,25,25,
11/21/2015,20:10:00,24.925,24.897,24.934,24.9,24.9,24.937,24.9,24.9,25,
11/21/2015,20:15:00,24.852,24.823,24.861,24.9,24.9,24.863,24.9,24.9,24.9,
11/21/2015,20:20:00,24.78,24.752,24.79,24.8,24.8,24.793,24.8,24.8,24.8,
11/21/2015,20:25:00,24.711,24.683,24.721,24.7,24.7,24.723,24.7,24.7,24.7,
11/21/2015,20:30:00,24.641,24.612,24.65,24.7,24.7,24.652,24.7,24.7,24.7,
11/21/2015,20:35:00,24.567,24.539,24.577,24.6,24.6,24.579,24.6,24.6,24.6,
11/21/2015,20:40:00,24.5,24.473,24.509,24.5,24.5,24.513,24.5,24.5,24.5,
11/21/2015,20:45:00,24.433,24.404,24.442,24.5,24.5,24.444,24.5,24.5,24.5,
11/21/2015,20:50:00,24.362,24.333,24.371,24.4,24.4,24.374,24.4,24.4,24.4,
11/21/2015,20:55:00,24.293,24.264,24.302,24.3,24.3,24.304,24.3,24.3,24.3,
11/21/2015,21:00:00,24.226,24.198,24.235,24.2,24.2,24.237,24.2,24.2,24.3,
11/21/2015,21:05:00,24.159,24.131,24.168,24.2,24.2,24.17,24.2,24.2,24.2,
11/21/2015,21:10:00,24.094,24.065,24.103,24.1,24.1,24.105,24.1,24.1,24.1,
11/21/2015,21:15:00,24.032,24.002,24.04,24.1,24.1,24.041,24.1,24.1,24.1,
11/21/2015,21:20:00,23.97,23.941,23.979,24,24,23.981,24,24,24,
11/21/2015,21:25:00,23.909,23.88,23.918,23.9,23.9,23.919,23.9,23.9,23.9,
11/21/2015,21:30:00,23.847,23.818,23.856,23.9,23.9,23.858,23.9,23.9,23.9,
11/21/2015,21:35:00,23.785,23.757,23.794,23.8,23.8,23.796,23.8,23.8,23.8,
11/21/2015,21:40:00,23.723,23.694,23.732,23.7,23.7,23.734,23.7,23.7,23.7,
11/21/2015,21:45:00,23.666,23.636,23.673,23.7,23.7,23.676,23.7,23.7,23.7,
11/21/2015,21:50:00,23.609,23.579,23.617,23.6,23.6,23.62,23.6,23.6,23.6,
11/21/2015,21:55:00,23.55,23.522,23.559,23.6,23.6,23.56,23.6,23.6,23.6,
11/21/2015,22:00:00,23.492,23.463,23.5,23.5,23.5,23.503,23.5,23.5,23.5,
11/21/2015,22:05:00,23.437,23.408,23.445,23.5,23.5,23.448,23.5,23.5,23.5,
11/21/2015,22:10:00,23.373,23.345,23.382,23.4,23.4,23.384,23.4,23.4,23.4,
11/21/2015,22:15:00,23.296,23.27,23.307,23.3,23.3,23.309,23.3,23.3,23.3,
11/21/2015,22:20:00,23.219,23.191,23.23,23.2,23.2,23.231,23.2,23.2,23.2,
11/21/2015,22:25:00,23.145,23.118,23.155,23.2,23.2,23.157,23.2,23.2,23.2,
11/21/2015,22:30:00,23.064,23.037,23.075,23.1,23.1,23.077,23.1,23.1,23.1,
11/21/2015,22:35:00,22.986,22.959,22.996,23,23,22.997,23,23,23,
11/21/2015,22:40:00,22.908,22.88,22.918,22.9,22.9,22.92,22.9,22.9,22.9,
11/21/2015,22:45:00,22.831,22.804,22.842,22.9,22.9,22.843,22.9,22.9,22.9,
11/21/2015,22:50:00,22.755,22.728,22.766,22.8,22.8,22.768,22.8,22.8,22.8,
11/21/2015,22:55:00,22.68,22.653,22.691,22.7,22.7,22.693,22.7,22.7,22.7,
11/21/2015,23:00:00,22.605,22.577,22.615,22.6,22.6,22.616,22.6,22.6,22.6,
11/21/2015,23:05:00,22.536,22.508,22.545,22.6,22.6,22.548,22.6,22.6,22.6,
11/21/2015,23:10:00,22.468,22.439,22.476,22.5,22.5,22.479,22.5,22.5,22.5,
11/21/2015,23:15:00,22.399,22.371,22.407,22.4,22.4,22.41,22.4,22.4,22.4,
11/21/2015,23:20:00,22.328,22.3,22.337,22.3,22.4,22.34,22.4,22.4,22.4,
11/21/2015,23:25:00,22.254,22.226,22.264,22.3,22.3,22.265,22.3,22.3,22.3,
11/21/2015,23:30:00,22.178,22.15,22.188,22.2,22.2,22.19,22.2,22.2,22.2,
11/21/2015,23:35:00,22.107,22.079,22.116,22.1,22.1,22.118,22.1,22.1,22.1,
11/21/2015,23:40:00,22.032,22.005,22.042,22.1,22.1,22.044,22.1,22.1,22.1,
11/21/2015,23:45:00,21.958,21.93,21.967,22,22,21.97,22,22,22,
11/21/2015,23:50:00,21.882,21.855,21.892,21.9,21.9,21.894,21.9,21.9,21.9,
11/21/2015,23:55:00,21.808,21.78,21.817,21.8,21.8,21.82,21.8,21.8,21.8,
11/22/2015,0:00:00,21.735,21.708,21.745,21.8,21.8,21.747,21.8,21.8,21.8,
11/22/2015,0:05:00,21.665,21.637,21.674,21.7,21.7,21.677,21.7,21.7,21.7,
11/22/2015,0:10:00,21.596,21.568,21.604,21.6,21.6,21.608,21.6,21.6,21.6,
11/22/2015,0:15:00,21.529,21.5,21.538,21.6,21.6,21.54,21.6,21.6,21.6,
11/22/2015,0:20:00,21.463,21.434,21.472,21.5,21.5,21.474,21.5,21.5,21.5,
11/22/2015,0:25:00,21.4,21.371,21.408,21.4,21.4,21.412,21.4,21.4,21.4,
11/22/2015,0:30:00,21.338,21.308,21.346,21.4,21.4,21.349,21.4,21.4,21.4,
11/22/2015,0:35:00,21.273,21.245,21.281,21.3,21.3,21.284,21.3,21.3,21.3,
11/22/2015,0:40:00,21.214,21.185,21.222,21.2,21.2,21.225,21.2,21.2,21.2,
11/22/2015,0:45:00,21.155,21.125,21.162,21.2,21.2,21.166,21.2,21.2,21.2,
11/22/2015,0:50:00,21.096,21.067,21.105,21.1,21.1,21.107,21.1,21.1,21.1,
11/22/2015,0:55:00,21.035,21.007,21.044,21.1,21.1,21.046,21.1,21.1,21.1,
11/22/2015,1:00:00,20.974,20.945,20.982,21,21,20.985,21,21,21,
11/22/2015,1:05:00,20.914,20.884,20.921,20.9,20.9,20.924,20.9,20.9,20.9,
11/22/2015,1:10:00,20.853,20.825,20.861,20.9,20.9,20.864,20.9,20.9,20.9,
11/22/2015,1:15:00,20.793,20.764,20.801,20.8,20.8,20.803,20.8,20.8,20.8,
11/22/2015,1:20:00,20.738,20.708,20.745,20.8,20.8,20.748,20.8,20.8,20.8,
11/22/2015,1:25:00,20.681,20.651,20.689,20.7,20.7,20.692,20.7,20.7,20.7,
11/22/2015,1:30:00,20.62,20.592,20.629,20.6,20.6,20.631,20.6,20.6,20.6,
11/22/2015,1:35:00,20.56,20.531,20.568,20.6,20.6,20.572,20.6,20.6,20.6,
11/22/2015,1:40:00,20.5,20.471,20.508,20.5,20.5,20.51,20.5,20.5,20.5,
11/22/2015,1:45:00,20.439,20.41,20.447,20.5,20.5,20.45,20.5,20.5,20.5,
11/22/2015,1:50:00,20.38,20.351,20.387,20.4,20.4,20.39,20.4,20.4,20.4,
11/22/2015,1:55:00,20.324,20.296,20.332,20.3,20.3,20.334,20.3,20.3,20.3,
11/22/2015,2:00:00,20.263,20.234,20.273,20.3,20.3,20.275,20.3,20.3,20.3,
11/22/2015,2:05:00,20.201,20.173,20.21,20.2,20.2,20.213,20.2,20.2,20.2,
11/22/2015,2:10:00,20.145,20.116,20.154,20.2,20.2,20.155,20.2,20.2,20.2,
11/22/2015,2:15:00,20.088,20.059,20.096,20.1,20.1,20.098,20.1,20.1,20.1,
11/22/2015,2:20:00,20.028,19.999,20.037,20,20.1,20.038,20,20.1,20.1,
11/22/2015,2:25:00,19.967,19.939,19.976,20,20,19.978,20,20,20,
11/22/2015,2:30:00,19.91,19.881,19.917,19.9,19.9,19.919,19.9,19.9,19.9,
11/22/2015,2:35:00,19.852,19.823,19.86,19.9,19.9,19.858,19.9,19.9,19.9,
11/22/2015,2:40:00,19.796,19.766,19.803,19.8,19.8,19.801,19.8,19.8,19.8,
11/22/2015,2:45:00,19.74,19.712,19.748,19.8,19.8,19.746,19.8,19.8,19.8,
11/22/2015,2:50:00,19.684,19.656,19.693,19.7,19.7,19.691,19.7,19.7,19.7,
11/22/2015,2:55:00,19.63,19.6,19.638,19.6,19.7,19.636,19.7,19.7,19.7,
11/22/2015,3:00:00,19.576,19.546,19.583,19.6,19.6,19.581,19.6,19.6,19.6,
11/22/2015,3:05:00,19.527,19.495,19.532,19.5,19.5,19.531,19.5,19.6,19.5,
11/22/2015,3:10:00,19.475,19.445,19.482,19.5,19.5,19.48,19.5,19.5,19.5,
11/22/2015,3:15:00,19.424,19.394,19.43,19.4,19.4,19.429,19.4,19.5,19.4,
11/22/2015,3:20:00,19.373,19.344,19.38,19.4,19.4,19.378,19.4,19.4,19.4,
11/22/2015,3:25:00,19.322,19.292,19.328,19.3,19.3,19.327,19.3,19.3,19.3,
11/22/2015,3:30:00,19.273,19.243,19.279,19.3,19.3,19.278,19.3,19.3,19.3,
11/22/2015,3:35:00,19.222,19.192,19.229,19.2,19.2,19.227,19.2,19.2,19.2,
11/22/2015,3:40:00,19.172,19.142,19.179,19.2,19.2,19.177,19.2,19.2,19.2,
11/22/2015,3:45:00,19.12,19.09,19.126,19.1,19.1,19.124,19.1,19.1,19.1,
11/22/2015,3:50:00,19.069,19.039,19.075,19.1,19.1,19.074,19.1,19.1,19.1,
11/22/2015,3:55:00,19.02,18.99,19.027,19,19,19.026,19,19,19,
11/22/2015,4:00:00,18.971,18.941,18.979,19,19,18.977,19,19,19,
11/22/2015,4:05:00,18.916,18.887,18.925,18.9,18.9,18.922,18.9,18.9,18.9,
11/22/2015,4:10:00,18.866,18.835,18.873,18.9,18.9,18.871,18.9,18.9,18.9,
11/22/2015,4:15:00,18.82,18.789,18.826,18.8,18.8,18.825,18.8,18.8,18.8,
11/22/2015,4:20:00,18.773,18.742,18.779,18.8,18.8,18.778,18.8,18.8,18.8,
11/22/2015,4:25:00,18.724,18.695,18.731,18.7,18.7,18.73,18.7,18.7,18.7,
11/22/2015,4:30:00,18.679,18.649,18.686,18.7,18.7,18.685,18.7,18.7,18.7,
11/22/2015,4:35:00,18.637,18.605,18.643,18.7,18.7,18.642,18.7,18.7,18.7,
11/22/2015,4:40:00,18.593,18.563,18.598,18.6,18.6,18.599,18.6,18.6,18.6,
11/22/2015,4:45:00,18.546,18.517,18.553,18.6,18.6,18.551,18.6,18.6,18.6,
11/22/2015,4:50:00,18.496,18.468,18.503,18.5,18.5,18.502,18.5,18.5,18.5,
11/22/2015,4:55:00,18.453,18.423,18.458,18.5,18.5,18.457,18.5,18.5,18.5,
11/22/2015,5:00:00,18.409,18.378,18.414,18.4,18.4,18.414,18.4,18.4,18.4,
11/22/2015,5:05:00,18.363,18.334,18.372,18.4,18.4,18.37,18.4,18.4,18.4,
11/22/2015,5:10:00,18.323,18.292,18.329,18.3,18.3,18.328,18.3,18.3,18.3,
11/22/2015,5:15:00,18.282,18.251,18.288,18.3,18.3,18.288,18.3,18.3,18.3,
11/22/2015,5:20:00,18.241,18.211,18.247,18.3,18.3,18.246,18.3,18.3,18.3,
11/22/2015,5:25:00,18.202,18.172,18.209,18.2,18.2,18.209,18.2,18.2,18.2,
11/22/2015,5:30:00,18.169,18.137,18.174,18.2,18.2,18.175,18.2,18.2,18.2,
11/22/2015,5:35:00,18.135,18.104,18.141,18.2,18.2,18.141,18.2,18.2,18.2,
11/22/2015,5:40:00,18.101,18.071,18.107,18.1,18.1,18.107,18.1,18.1,18.1,
11/22/2015,5:45:00,18.067,18.036,18.073,18.1,18.1,18.073,18.1,18.1,18.1,
11/22/2015,5:50:00,18.035,18.004,18.04,18.1,18.1,18.041,18.1,18.1,18.1,
11/22/2015,5:55:00,18.002,17.971,18.007,18,18,18.007,18,18,18,
11/22/2015,6:00:00,17.967,17.935,17.972,18,18,17.972,18,18,18,
11/22/2015,6:05:00,17.932,17.901,17.938,17.9,17.9,17.938,18,18,18,
11/22/2015,6:10:00,17.899,17.868,17.904,17.9,17.9,17.906,17.9,17.9,17.9,
11/22/2015,6:15:00,17.867,17.835,17.872,17.9,17.9,17.872,17.9,17.9,17.9,
11/22/2015,6:20:00,17.832,17.801,17.838,17.8,17.8,17.838,17.8,17.9,17.9,
11/22/2015,6:25:00,17.799,17.768,17.805,17.8,17.8,17.805,17.8,17.8,17.8,
11/22/2015,6:30:00,17.764,17.734,17.77,17.8,17.8,17.77,17.8,17.8,17.8,
11/22/2015,6:35:00,17.731,17.7,17.737,17.7,17.7,17.736,17.7,17.8,17.8,
11/22/2015,6:40:00,17.699,17.667,17.704,17.7,17.7,17.704,17.7,17.7,17.7,
11/22/2015,6:45:00,17.67,17.639,17.675,17.7,17.7,17.676,17.7,17.7,17.7,
11/22/2015,6:50:00,17.645,17.614,17.651,17.7,17.7,17.652,17.7,17.7,17.7,
11/22/2015,6:55:00,17.619,17.588,17.626,17.6,17.6,17.626,17.6,17.6,17.6,
11/22/2015,7:00:00,17.589,17.56,17.598,17.6,17.6,17.597,17.6,17.6,17.6,
11/22/2015,7:05:00,17.566,17.536,17.574,17.6,17.6,17.573,17.6,17.6,17.6,
11/22/2015,7:10:00,17.544,17.515,17.555,17.6,17.6,17.553,17.6,17.6,17.6,
11/22/2015,7:15:00,17.526,17.498,17.536,17.5,17.5,17.535,17.5,17.5,17.5,
11/22/2015,7:20:00,17.507,17.477,17.518,17.5,17.5,17.515,17.5,17.5,17.5,
11/22/2015,7:25:00,17.486,17.457,17.498,17.5,17.5,17.495,17.5,17.5,17.5,
11/22/2015,7:30:00,17.47,17.441,17.483,17.5,17.5,17.479,17.5,17.5,17.5,
11/22/2015,7:35:00,17.456,17.43,17.472,17.4,17.5,17.467,17.4,17.5,17.5,
11/22/2015,7:40:00,17.452,17.425,17.469,17.4,17.4,17.464,17.4,17.4,17.4,
11/22/2015,7:45:00,17.461,17.433,17.479,17.4,17.4,17.482,17.4,17.5,17.4,
11/22/2015,7:50:00,17.617,17.614,17.676,17.5,17.5,17.688,17.5,17.5,17.5,
11/22/2015,7:55:00,17.855,17.874,17.913,17.6,17.6,17.87,17.5,17.6,17.6,
11/22/2015,8:00:00,17.761,17.772,17.814,17.7,17.6,17.771,17.6,17.6,17.6,
11/22/2015,8:05:00,17.758,17.752,17.793,17.7,17.6,17.771,17.6,17.7,17.6,
11/22/2015,8:10:00,17.957,17.971,18.012,17.8,17.7,17.963,17.7,17.8,17.7,
11/22/2015,8:15:00,17.973,17.983,18.022,17.9,17.8,17.986,17.8,17.9,17.8,
11/22/2015,8:20:00,18.108,18.122,18.162,18,17.9,18.121,17.9,18,17.9,
11/22/2015,8:25:00,18.525,18.572,18.602,18.3,18.2,18.533,18,18.3,18.1,
11/22/2015,8:30:00,18.655,18.716,18.745,18.4,18.4,18.662,18.2,18.4,18.2,
11/22/2015,8:35:00,18.817,18.876,18.906,18.6,18.6,18.831,18.4,18.6,18.4,
11/22/2015,8:40:00,19.027,19.093,19.125,18.8,18.8,19.043,18.5,18.8,18.6,
11/22/2015,8:45:00,19.277,19.349,19.382,19,19,19.293,18.8,19,18.8,
11/22/2015,8:50:00,19.492,19.563,19.601,19.2,19.2,19.507,19,19.2,19,
11/22/2015,8:55:00,19.72,19.79,19.832,19.5,19.4,19.737,19.2,19.5,19.2,
11/22/2015,9:00:00,19.944,20.015,20.06,19.7,19.6,19.96,19.4,19.7,19.4,
11/22/2015,9:05:00,20.153,20.224,20.269,19.9,19.9,20.171,19.6,19.9,19.7,
11/22/2015,9:10:00,20.369,20.436,20.484,20.1,20.1,20.391,19.9,20.1,19.9,
11/22/2015,9:15:00,20.628,20.691,20.746,20.4,20.3,20.654,20.1,20.4,20.1,
11/22/2015,9:20:00,20.813,20.863,20.925,20.6,20.5,20.843,20.3,20.6,20.4,
11/22/2015,9:25:00,21.062,21.116,21.185,20.8,20.8,21.095,20.6,20.8,20.7,
11/22/2015,9:30:00,21.213,21.267,21.337,21,20.9,21.247,20.8,21,20.9,
11/22/2015,9:35:00,21.175,21.213,21.272,21,21,21.196,20.9,21.1,21,
11/22/2015,9:40:00,21.263,21.282,21.345,21.1,21.1,21.288,21.1,21.2,21.1,
11/22/2015,9:45:00,21.495,21.516,21.59,21.3,21.3,21.536,21.2,21.4,21.3,
11/22/2015,9:50:00,21.603,21.637,21.704,21.4,21.4,21.631,21.4,21.5,21.5,
11/22/2015,9:55:00,21.627,21.639,21.701,21.5,21.5,21.653,21.5,21.5,21.5,
11/22/2015,10:00:00,21.696,21.698,21.761,21.6,21.6,21.723,21.5,21.6,21.6,
11/22/2015,10:05:00,21.922,21.944,22.019,21.7,21.8,21.965,21.7,21.8,21.8,
11/22/2015,10:10:00,22.259,22.298,22.402,22,22,22.339,21.9,22,22,
11/22/2015,10:15:00,22.452,22.511,22.617,22.2,22.1,22.519,22.1,22.2,22.2,
11/22/2015,10:20:00,22.547,22.598,22.696,22.3,22.3,22.599,22.2,22.3,22.3,
11/22/2015,10:25:00,22.729,22.763,22.872,22.4,22.4,22.799,22.4,22.5,22.4,
11/22/2015,10:30:00,22.977,23.031,23.146,22.6,22.6,23.04,22.6,22.7,22.7,
11/22/2015,10:35:00,23.158,23.212,23.329,22.8,22.8,23.216,22.8,22.9,22.8,
11/22/2015,10:40:00,23.349,23.401,23.521,23,23,23.408,23,23.1,23,
11/22/2015,10:45:00,23.615,23.675,23.803,23.2,23.2,23.675,23.2,23.3,23.2,
11/22/2015,10:50:00,23.781,23.834,23.955,23.4,23.4,23.836,23.4,23.5,23.4,
11/22/2015,10:55:00,23.938,23.984,24.099,23.6,23.6,23.994,23.6,23.6,23.6,
11/22/2015,11:00:00,24.064,24.108,24.215,23.8,23.8,24.106,23.7,23.8,23.8,
11/22/2015,11:05:00,24.277,24.31,24.428,24,24,24.33,23.9,24,23.9,
11/22/2015,11:10:00,24.433,24.463,24.582,24.1,24.1,24.482,24.1,24.2,24.1,
11/22/2015,11:15:00,24.641,24.665,24.788,24.3,24.3,24.686,24.3,24.3,24.3,
11/22/2015,11:20:00,24.885,24.905,25.041,24.5,24.5,24.928,24.5,24.5,24.5,
11/22/2015,11:25:00,25.052,25.068,25.194,24.7,24.7,25.082,24.7,24.7,24.7,
11/22/2015,11:30:00,25.29,25.3,25.43,24.9,24.9,25.317,24.9,24.9,24.9,
11/22/2015,11:35:00,25.453,25.459,25.58,25.1,25.1,25.469,25.1,25.1,25.1,
11/22/2015,11:40:00,25.659,25.661,25.782,25.3,25.3,25.669,25.3,25.3,25.3,
11/22/2015,11:45:00,25.839,25.834,25.949,25.5,25.5,25.841,25.5,25.5,25.5,
11/22/2015,11:50:00,26.035,26.021,26.134,25.7,25.7,26.024,25.7,25.7,25.7,
11/22/2015,11:55:00,26.188,26.168,26.271,25.9,25.9,26.165,25.9,25.9,25.9,
11/22/2015,12:00:00,26.372,26.343,26.445,26.1,26.1,26.342,26.1,26.1,26.1,
11/22/2015,12:05:00,26.537,26.496,26.597,26.3,26.3,26.497,26.2,26.3,26.2,
11/22/2015,12:10:00,26.746,26.7,26.795,26.4,26.5,26.684,26.4,26.5,26.4,
11/22/2015,12:15:00,26.879,26.829,26.914,26.6,26.6,26.795,26.6,26.6,26.6,
11/22/2015,12:20:00,26.985,26.931,27.005,26.7,26.8,26.871,26.7,26.7,26.7,
11/22/2015,12:25:00,27.097,27.039,27.076,26.9,26.9,26.975,26.9,26.9,26.9,
11/22/2015,12:30:00,27.136,27.074,27.089,26.9,27,27.055,26.9,27,26.9,
11/22/2015,12:35:00,27.195,27.111,27.149,27,27.1,27.141,27,27,27,
11/22/2015,12:40:00,27.421,27.235,27.323,27.2,27.2,27.328,27.2,27.2,27.2,
11/22/2015,12:45:00,27.516,27.359,27.484,27.3,27.3,27.452,27.3,27.3,27.3,
11/22/2015,12:50:00,27.591,27.52,27.644,27.4,27.5,27.588,27.4,27.4,27.4,
11/22/2015,12:55:00,27.597,27.569,27.645,27.5,27.5,27.602,27.5,27.5,27.5,
11/22/2015,13:00:00,27.657,27.621,27.689,27.5,27.6,27.659,27.5,27.5,27.5,
11/22/2015,13:05:00,27.653,27.608,27.676,27.6,27.6,27.657,27.6,27.6,27.6,
11/22/2015,13:10:00,27.715,27.655,27.722,27.6,27.6,27.709,27.6,27.6,27.6,
11/22/2015,13:15:00,27.791,27.719,27.789,27.6,27.7,27.769,27.7,27.7,27.7,
11/22/2015,13:20:00,27.81,27.748,27.817,27.7,27.7,27.797,27.7,27.7,27.7,
11/22/2015,13:25:00,27.864,27.805,27.872,27.7,27.8,27.847,27.7,27.7,27.7,
11/22/2015,13:30:00,27.896,27.826,27.894,27.8,27.8,27.874,27.8,27.8,27.8,
11/22/2015,13:35:00,28.029,27.941,28.016,27.8,27.9,27.992,27.9,27.9,27.9,
11/22/2015,13:40:00,28.046,27.967,28.032,27.9,27.9,28.007,27.9,27.9,27.9,
11/22/2015,13:45:00,28.113,28.022,28.094,28,28,28.073,28,28,28,
11/22/2015,13:50:00,28.18,28.09,28.163,28,28.1,28.139,28,28,28.1,
11/22/2015,13:55:00,28.187,28.113,28.183,28,28.1,28.163,28.1,28,28.1,
11/22/2015,14:00:00,28.363,28.251,28.318,28.2,28.2,28.299,28.2,28.2,28.2,
11/22/2015,14:05:00,28.401,28.303,28.372,28.2,28.3,28.361,28.2,28.2,28.3,
11/22/2015,14:10:00,28.521,28.407,28.483,28.3,28.4,28.474,28.4,28.3,28.4,
11/22/2015,14:15:00,28.619,28.499,28.576,28.4,28.5,28.576,28.4,28.4,28.5,
11/22/2015,14:20:00,28.662,28.56,28.632,28.5,28.5,28.632,28.5,28.5,28.5,
11/22/2015,14:25:00,28.818,28.683,28.743,28.6,28.6,28.754,28.6,28.6,28.7,
11/22/2015,14:30:00,28.922,28.774,28.852,28.8,28.8,28.881,28.8,28.7,28.8,
11/22/2015,14:35:00,28.987,28.851,28.914,28.9,28.9,28.943,28.9,28.8,28.9,
11/22/2015,14:40:00,29.018,28.923,28.996,28.9,28.9,29.02,28.9,28.9,29,
11/22/2015,14:45:00,29.053,28.983,29.048,29,29,29.062,29,28.9,29,
11/22/2015,14:50:00,29.058,28.994,29.061,29,29,29.079,29,29,29,
11/22/2015,14:55:00,29.116,29.06,29.124,29,29.1,29.126,29,29,29.1,
11/22/2015,15:00:00,29.125,29.074,29.137,29.1,29.1,29.14,29.1,29,29.1,
11/22/2015,15:05:00,29.125,29.079,29.14,29.1,29.1,29.136,29.1,29.1,29.1,
11/22/2015,15:10:00,29.121,29.071,29.137,29,29.1,29.134,29.1,29,29.1,
11/22/2015,15:15:00,29.186,29.122,29.2,29.1,29.1,29.193,29.1,29.1,29.1,
11/22/2015,15:20:00,29.127,29.08,29.142,29,29.1,29.126,29,29,29.1,
11/22/2015,15:25:00,29.211,29.132,29.195,29.1,29.1,29.146,29.1,29.1,29.1,
11/22/2015,15:30:00,29.099,29.046,29.097,29,29,29.089,29,29,29,
11/22/2015,15:35:00,29.09,29.023,29.088,29,29,29.065,29,29,29,
11/22/2015,15:40:00,29.033,28.983,29.029,29,29,29.013,29,29,29,
11/22/2015,15:45:00,29.084,28.972,29.017,28.9,29,29.004,29,29,29,
11/22/2015,15:50:00,28.924,28.886,28.933,28.9,28.9,28.922,28.9,28.9,28.9,
11/22/2015,15:55:00,28.85,28.82,28.866,28.8,28.8,28.858,28.8,28.8,28.8,
11/22/2015,16:00:00,28.811,28.769,28.816,28.8,28.8,28.809,28.8,28.8,28.8,
11/22/2015,16:05:00,28.753,28.714,28.758,28.7,28.7,28.75,28.7,28.7,28.7,
11/22/2015,16:10:00,28.697,28.659,28.705,28.7,28.7,28.696,28.7,28.7,28.7,
11/22/2015,16:15:00,28.652,28.611,28.656,28.6,28.6,28.648,28.6,28.6,28.6,
11/22/2015,16:20:00,28.588,28.552,28.596,28.6,28.6,28.587,28.6,28.6,28.6,
11/22/2015,16:25:00,28.503,28.473,28.517,28.5,28.5,28.509,28.5,28.5,28.5,
11/22/2015,16:30:00,28.426,28.398,28.44,28.4,28.4,28.433,28.4,28.4,28.4,
11/22/2015,16:35:00,28.354,28.325,28.368,28.4,28.4,28.36,28.4,28.4,28.4,
11/22/2015,16:40:00,28.278,28.251,28.292,28.3,28.3,28.286,28.3,28.3,28.3,
11/22/2015,16:45:00,28.2,28.173,28.213,28.2,28.2,28.207,28.2,28.2,28.2,
11/22/2015,16:50:00,28.122,28.095,28.133,28.1,28.1,28.127,28.1,28.1,28.1,
11/22/2015,16:55:00,28.044,28.016,28.054,28.1,28.1,28.049,28.1,28.1,28.1,
11/22/2015,17:00:00,27.963,27.936,27.973,28,28,27.969,28,28,28,
11/22/2015,17:05:00,27.881,27.855,27.893,27.9,27.9,27.888,27.9,27.9,27.9,
11/22/2015,17:10:00,27.799,27.773,27.808,27.8,27.8,27.805,27.8,27.8,27.8,
11/22/2015,17:15:00,27.717,27.69,27.726,27.7,27.7,27.722,27.7,27.7,27.7,
11/22/2015,17:20:00,27.633,27.606,27.643,27.7,27.7,27.638,27.7,27.7,27.7,
11/22/2015,17:25:00,27.549,27.521,27.559,27.6,27.6,27.554,27.6,27.6,27.6,
11/22/2015,17:30:00,27.464,27.437,27.473,27.5,27.5,27.469,27.5,27.5,27.5,
11/22/2015,17:35:00,27.376,27.349,27.387,27.4,27.4,27.381,27.4,27.4,27.4,
11/22/2015,17:40:00,27.29,27.263,27.299,27.3,27.3,27.295,27.3,27.3,27.3,
11/22/2015,17:45:00,27.204,27.177,27.214,27.2,27.2,27.209,27.2,27.2,27.2,
11/22/2015,17:50:00,27.117,27.091,27.127,27.1,27.1,27.122,27.1,27.1,27.1,
11/22/2015,17:55:00,27.031,27.004,27.04,27.1,27.1,27.035,27.1,27.1,27.1,
11/22/2015,18:00:00,26.943,26.918,26.954,27,27,26.949,27,27,27,
11/22/2015,18:05:00,26.858,26.832,26.868,26.9,26.9,26.864,26.9,26.9,26.9,
11/22/2015,18:10:00,26.775,26.749,26.784,26.8,26.8,26.78,26.8,26.8,26.8,
11/22/2015,18:15:00,26.691,26.664,26.701,26.7,26.7,26.697,26.7,26.7,26.7,
11/22/2015,18:20:00,26.611,26.583,26.619,26.6,26.6,26.615,26.6,26.6,26.6,
11/22/2015,18:25:00,26.532,26.505,26.541,26.6,26.6,26.537,26.6,26.6,26.6,
11/22/2015,18:30:00,26.451,26.423,26.46,26.5,26.5,26.456,26.5,26.5,26.5,
11/22/2015,18:35:00,26.369,26.341,26.379,26.4,26.4,26.374,26.4,26.4,26.4,
11/22/2015,18:40:00,26.289,26.261,26.297,26.3,26.3,26.294,26.3,26.3,26.3,
11/22/2015,18:45:00,26.209,26.181,26.217,26.2,26.2,26.213,26.2,26.2,26.2,
11/22/2015,18:50:00,26.125,26.099,26.135,26.1,26.2,26.13,26.1,26.1,26.2,
11/22/2015,18:55:00,26.043,26.016,26.052,26.1,26.1,26.048,26.1,26.1,26.1,
11/22/2015,19:00:00,25.961,25.935,25.971,26,26,25.968,26,26,26,
11/22/2015,19:05:00,25.882,25.854,25.892,25.9,25.9,25.887,25.9,25.9,25.9,
11/22/2015,19:10:00,25.804,25.777,25.813,25.8,25.8,25.81,25.8,25.8,25.8,
11/22/2015,19:15:00,25.726,25.699,25.735,25.7,25.8,25.732,25.7,25.7,25.8,
11/22/2015,19:20:00,25.651,25.624,25.66,25.7,25.7,25.656,25.7,25.7,25.7,
11/22/2015,19:25:00,25.576,25.548,25.584,25.6,25.6,25.581,25.6,25.6,25.6,
11/22/2015,19:30:00,25.5,25.473,25.508,25.5,25.5,25.505,25.5,25.5,25.5,
11/22/2015,19:35:00,25.427,25.398,25.435,25.4,25.5,25.432,25.4,25.5,25.5,
11/22/2015,19:40:00,25.352,25.324,25.36,25.4,25.4,25.357,25.4,25.4,25.4,
11/22/2015,19:45:00,25.278,25.25,25.286,25.3,25.3,25.282,25.3,25.3,25.3,
11/22/2015,19:50:00,25.206,25.178,25.214,25.2,25.2,25.211,25.2,25.2,25.2,
11/22/2015,19:55:00,25.136,25.108,25.143,25.2,25.2,25.14,25.2,25.2,25.2,
11/22/2015,20:00:00,25.064,25.035,25.072,25.1,25.1,25.069,25.1,25.1,25.1,
11/22/2015,20:05:00,24.995,24.967,25.003,25,25,25,25,25,25,
11/22/2015,20:10:00,24.928,24.899,24.936,24.9,25,24.933,25,25,25,
11/22/2015,20:15:00,24.858,24.83,24.867,24.9,24.9,24.864,24.9,24.9,24.9,
11/22/2015,20:20:00,24.788,24.76,24.797,24.8,24.8,24.793,24.8,24.8,24.8,
11/22/2015,20:25:00,24.717,24.69,24.725,24.7,24.7,24.723,24.7,24.7,24.7,
11/22/2015,20:30:00,24.647,24.619,24.656,24.7,24.7,24.653,24.7,24.7,24.7,
11/22/2015,20:35:00,24.577,24.55,24.586,24.6,24.6,24.583,24.6,24.6,24.6,
11/22/2015,20:40:00,24.507,24.48,24.517,24.5,24.5,24.513,24.5,24.5,24.5,
11/22/2015,20:45:00,24.438,24.41,24.447,24.5,24.5,24.444,24.5,24.5,24.5,
11/22/2015,20:50:00,24.37,24.342,24.379,24.4,24.4,24.375,24.4,24.4,24.4,
11/22/2015,20:55:00,24.302,24.273,24.31,24.3,24.3,24.307,24.3,24.3,24.3,
11/22/2015,21:00:00,24.234,24.205,24.242,24.3,24.3,24.24,24.3,24.3,24.3,
11/22/2015,21:05:00,24.166,24.14,24.175,24.2,24.2,24.172,24.2,24.2,24.2,
11/22/2015,21:10:00,24.101,24.073,24.109,24.1,24.1,24.107,24.1,24.1,24.1,
11/22/2015,21:15:00,24.037,24.009,24.045,24.1,24.1,24.044,24.1,24.1,24.1,
11/22/2015,21:20:00,23.975,23.947,23.983,24,24,23.98,24,24,24,
11/22/2015,21:25:00,23.913,23.885,23.921,23.9,23.9,23.919,23.9,23.9,23.9,
11/22/2015,21:30:00,23.85,23.822,23.858,23.9,23.9,23.855,23.9,23.9,23.9,
11/22/2015,21:35:00,23.788,23.759,23.796,23.8,23.8,23.792,23.8,23.8,23.8,
11/22/2015,21:40:00,23.724,23.696,23.732,23.7,23.7,23.729,23.7,23.7,23.8,
11/22/2015,21:45:00,23.664,23.635,23.672,23.7,23.7,23.67,23.7,23.7,23.7,
11/22/2015,21:50:00,23.603,23.575,23.611,23.6,23.6,23.609,23.6,23.6,23.6,
11/22/2015,21:55:00,23.543,23.514,23.551,23.6,23.6,23.549,23.6,23.6,23.6,
11/22/2015,22:00:00,23.484,23.456,23.492,23.5,23.5,23.49,23.5,23.5,23.5,
11/22/2015,22:05:00,23.426,23.397,23.434,23.4,23.4,23.433,23.4,23.4,23.5,
11/22/2015,22:10:00,23.361,23.334,23.371,23.4,23.4,23.368,23.4,23.4,23.4,
11/22/2015,22:15:00,23.295,23.268,23.305,23.3,23.3,23.302,23.3,23.3,23.3,
11/22/2015,22:20:00,23.226,23.198,23.234,23.2,23.2,23.231,23.2,23.3,23.3,
11/22/2015,22:25:00,23.157,23.131,23.166,23.2,23.2,23.164,23.2,23.2,23.2,
11/22/2015,22:30:00,23.087,23.058,23.096,23.1,23.1,23.091,23.1,23.1,23.1,
11/22/2015,22:35:00,23.02,22.991,23.028,23,23,23.025,23,23,23,
11/22/2015,22:40:00,22.95,22.922,22.958,23,23,22.955,23,23,23,
11/22/2015,22:45:00,22.881,22.854,22.89,22.9,22.9,22.887,22.9,22.9,22.9,
11/22/2015,22:50:00,22.811,22.785,22.82,22.8,22.8,22.817,22.8,22.8,22.8,
11/22/2015,22:55:00,22.741,22.713,22.75,22.8,22.8,22.747,22.8,22.8,22.8,
11/22/2015,23:00:00,22.673,22.645,22.682,22.7,22.7,22.679,22.7,22.7,22.7,
11/22/2015,23:05:00,22.609,22.581,22.617,22.6,22.6,22.616,22.6,22.6,22.6,
11/22/2015,23:10:00,22.548,22.519,22.555,22.6,22.6,22.554,22.6,22.6,22.6,
11/22/2015,23:15:00,22.481,22.453,22.489,22.5,22.5,22.486,22.5,22.5,22.5,
11/22/2015,23:20:00,22.413,22.386,22.422,22.4,22.4,22.418,22.4,22.4,22.4,
11/22/2015,23:25:00,22.349,22.32,22.357,22.4,22.4,22.354,22.4,22.4,22.4,
11/22/2015,23:30:00,22.285,22.257,22.293,22.3,22.3,22.291,22.3,22.3,22.3,
11/22/2015,23:35:00,22.223,22.195,22.231,22.2,22.2,22.229,22.2,22.2,22.2,
11/22/2015,23:40:00,22.158,22.13,22.166,22.2,22.2,22.163,22.2,22.2,22.2,
11/22/2015,23:45:00,22.088,22.061,22.098,22.1,22.1,22.094,22.1,22.1,22.1,
11/22/2015,23:50:00,22.02,21.992,22.028,22,22,22.025,22,22,22,
11/22/2015,23:55:00,21.951,21.924,21.96,22,22,21.958,22,22,22,
11/23/2015,0:00:00,21.885,21.857,21.893,21.9,21.9,21.891,21.9,21.9,21.9,
11/23/2015,0:05:00,21.818,21.79,21.827,21.8,21.8,21.824,21.8,21.8,21.8,
11/23/2015,0:10:00,21.753,21.725,21.761,21.8,21.8,21.759,21.8,21.8,21.8,
11/23/2015,0:15:00,21.685,21.657,21.693,21.7,21.7,21.69,21.7,21.7,21.7,
11/23/2015,0:20:00,21.618,21.59,21.626,21.6,21.6,21.624,21.6,21.6,21.6,
11/23/2015,0:25:00,21.551,21.523,21.558,21.6,21.6,21.557,21.6,21.6,21.6,
11/23/2015,0:30:00,21.483,21.455,21.491,21.5,21.5,21.488,21.5,21.5,21.5,
11/23/2015,0:35:00,21.416,21.388,21.424,21.4,21.4,21.423,21.4,21.4,21.4,
11/23/2015,0:40:00,21.351,21.323,21.359,21.4,21.4,21.357,21.4,21.4,21.4,
11/23/2015,0:45:00,21.289,21.261,21.296,21.3,21.3,21.295,21.3,21.3,21.3,
11/23/2015,0:50:00,21.224,21.197,21.233,21.2,21.2,21.231,21.2,21.3,21.3,
11/23/2015,0:55:00,21.158,21.13,21.166,21.2,21.2,21.164,21.2,21.2,21.2,
11/23/2015,1:00:00,21.096,21.067,21.103,21.1,21.1,21.101,21.1,21.1,21.1,
11/23/2015,1:05:00,21.029,21,21.037,21.1,21.1,21.035,21.1,21.1,21.1,
11/23/2015,1:10:00,20.965,20.936,20.973,21,21,20.97,21,21,21,
11/23/2015,1:15:00,20.903,20.875,20.911,20.9,20.9,20.909,20.9,20.9,20.9,
11/23/2015,1:20:00,20.842,20.814,20.849,20.9,20.9,20.848,20.9,20.9,20.9,
11/23/2015,1:25:00,20.783,20.754,20.789,20.8,20.8,20.788,20.8,20.8,20.8,
11/23/2015,1:30:00,20.724,20.695,20.731,20.7,20.7,20.73,20.7,20.8,20.7,
11/23/2015,1:35:00,20.669,20.64,20.675,20.7,20.7,20.675,20.7,20.7,20.7,
11/23/2015,1:40:00,20.613,20.584,20.62,20.6,20.6,20.619,20.6,20.6,20.6,
11/23/2015,1:45:00,20.556,20.527,20.563,20.6,20.6,20.561,20.6,20.6,20.6,
11/23/2015,1:50:00,20.497,20.468,20.504,20.5,20.5,20.502,20.5,20.5,20.5,
11/23/2015,1:55:00,20.438,20.409,20.445,20.5,20.5,20.443,20.5,20.5,20.5,
11/23/2015,2:00:00,20.375,20.346,20.383,20.4,20.4,20.381,20.4,20.4,20.4,
11/23/2015,2:05:00,20.314,20.286,20.322,20.3,20.3,20.321,20.3,20.3,20.3,
11/23/2015,2:10:00,20.255,20.227,20.263,20.3,20.3,20.261,20.3,20.3,20.3,
11/23/2015,2:15:00,20.198,20.169,20.206,20.2,20.2,20.205,20.2,20.2,20.2,
11/23/2015,2:20:00,20.143,20.114,20.149,20.2,20.2,20.148,20.2,20.2,20.2,
11/23/2015,2:25:00,20.084,20.055,20.092,20.1,20.1,20.09,20.1,20.1,20.1,
11/23/2015,2:30:00,20.023,19.994,20.03,20,20,20.028,20,20,20,
11/23/2015,2:35:00,19.961,19.933,19.969,20,20,19.966,20,20,20,
11/23/2015,2:40:00,19.899,19.871,19.906,19.9,19.9,19.905,19.9,19.9,19.9,
11/23/2015,2:45:00,19.837,19.808,19.844,19.9,19.9,19.842,19.9,19.9,19.9,
11/23/2015,2:50:00,19.776,19.747,19.783,19.8,19.8,19.781,19.8,19.8,19.8,
11/23/2015,2:55:00,19.718,19.689,19.724,19.7,19.7,19.723,19.7,19.7,19.7,
11/23/2015,3:00:00,19.657,19.628,19.664,19.7,19.7,19.663,19.7,19.7,19.7,
11/23/2015,3:05:00,19.597,19.569,19.604,19.6,19.6,19.603,19.6,19.6,19.6,
11/23/2015,3:10:00,19.539,19.51,19.544,19.6,19.6,19.543,19.6,19.6,19.6,
11/23/2015,3:15:00,19.481,19.453,19.489,19.5,19.5,19.487,19.5,19.5,19.5,
11/23/2015,3:20:00,19.424,19.394,19.43,19.4,19.4,19.429,19.4,19.5,19.4,
11/23/2015,3:25:00,19.372,19.343,19.378,19.4,19.4,19.377,19.4,19.4,19.4,
11/23/2015,3:30:00,19.32,19.291,19.327,19.3,19.3,19.326,19.3,19.3,19.3,
11/23/2015,3:35:00,19.269,19.24,19.275,19.3,19.3,19.275,19.3,19.3,19.3,
11/23/2015,3:40:00,19.222,19.192,19.228,19.2,19.2,19.227,19.2,19.2,19.2,
11/23/2015,3:45:00,19.175,19.145,19.181,19.2,19.2,19.181,19.2,19.2,19.2,
11/23/2015,3:50:00,19.125,19.096,19.132,19.1,19.1,19.132,19.1,19.2,19.1,
11/23/2015,3:55:00,19.075,19.047,19.082,19.1,19.1,19.081,19.1,19.1,19.1,
11/23/2015,4:00:00,19.025,18.995,19.032,19,19,19.032,19,19.1,19,
11/23/2015,4:05:00,18.974,18.945,18.981,19,19,18.98,19,19,19,
11/23/2015,4:10:00,18.926,18.897,18.933,18.9,18.9,18.932,18.9,19,19,
11/23/2015,4:15:00,18.879,18.848,18.884,18.9,18.9,18.883,18.9,18.9,18.9,
11/23/2015,4:20:00,18.828,18.798,18.834,18.8,18.9,18.833,18.8,18.9,18.9,
11/23/2015,4:25:00,18.775,18.746,18.781,18.8,18.8,18.781,18.8,18.8,18.8,
11/23/2015,4:30:00,18.718,18.689,18.725,18.7,18.7,18.725,18.7,18.7,18.7,
11/23/2015,4:35:00,18.663,18.636,18.671,18.7,18.7,18.67,18.7,18.7,18.7,
11/23/2015,4:40:00,18.611,18.583,18.618,18.6,18.6,18.617,18.6,18.6,18.6,
11/23/2015,4:45:00,18.562,18.532,18.568,18.6,18.6,18.568,18.6,18.6,18.6,
11/23/2015,4:50:00,18.514,18.484,18.519,18.5,18.5,18.519,18.5,18.5,18.5,
11/23/2015,4:55:00,18.463,18.433,18.469,18.5,18.5,18.469,18.5,18.5,18.5,
11/23/2015,5:00:00,18.414,18.384,18.42,18.4,18.4,18.419,18.4,18.4,18.4,
11/23/2015,5:05:00,18.365,18.335,18.37,18.4,18.4,18.37,18.4,18.4,18.4,
11/23/2015,5:10:00,18.319,18.289,18.324,18.3,18.3,18.325,18.3,18.3,18.3,
11/23/2015,5:15:00,18.273,18.243,18.278,18.3,18.3,18.279,18.3,18.3,18.3,
11/23/2015,5:20:00,18.226,18.195,18.23,18.2,18.2,18.231,18.2,18.3,18.2,
11/23/2015,5:25:00,18.178,18.147,18.183,18.2,18.2,18.183,18.2,18.2,18.2,
11/23/2015,5:30:00,18.127,18.096,18.132,18.1,18.2,18.131,18.1,18.2,18.2,
11/23/2015,5:35:00,18.074,18.044,18.079,18.1,18.1,18.078,18.1,18.1,18.1,
11/23/2015,5:40:00,18.024,17.994,18.029,18,18,18.029,18,18.1,18,
11/23/2015,5:45:00,17.975,17.945,17.979,18,18,17.98,18,18,18,
11/23/2015,5:50:00,17.928,17.896,17.933,17.9,18,17.932,17.9,18,18,
11/23/2015,5:55:00,17.88,17.85,17.884,17.9,17.9,17.885,17.9,17.9,17.9,
11/23/2015,6:00:00,17.83,17.8,17.835,17.9,17.9,17.835,17.9,17.9,17.9,
11/23/2015,6:05:00,17.781,17.75,17.785,17.8,17.8,17.785,17.8,17.8,17.8,
11/23/2015,6:10:00,17.747,17.716,17.752,17.8,17.8,17.753,17.8,17.8,17.8,
11/23/2015,6:15:00,17.724,17.69,17.726,17.7,17.7,17.729,17.7,17.7,17.7,
11/23/2015,6:20:00,17.706,17.672,17.707,17.7,17.7,17.711,17.7,17.7,17.7,
11/23/2015,6:25:00,17.69,17.657,17.692,17.7,17.7,17.696,17.7,17.7,17.7,
11/23/2015,6:30:00,17.679,17.645,17.68,17.7,17.7,17.684,17.7,17.7,17.7,
11/23/2015,6:35:00,17.669,17.634,17.669,17.7,17.7,17.674,17.7,17.7,17.7,
11/23/2015,6:40:00,17.659,17.624,17.659,17.7,17.7,17.664,17.7,17.7,17.7,
11/23/2015,6:45:00,17.651,17.616,17.652,17.7,17.7,17.656,17.7,17.7,17.7,
11/23/2015,6:50:00,17.644,17.609,17.644,17.7,17.7,17.65,17.7,17.7,17.7,
11/23/2015,6:55:00,17.64,17.604,17.64,17.7,17.7,17.645,17.7,17.7,17.7,
11/23/2015,7:00:00,17.636,17.601,17.636,17.7,17.7,17.641,17.7,17.7,17.7,
11/23/2015,7:05:00,17.631,17.596,17.631,17.6,17.6,17.637,17.6,17.7,17.6,
11/23/2015,7:10:00,17.626,17.59,17.625,17.6,17.6,17.63,17.6,17.6,17.6,
11/23/2015,7:15:00,17.62,17.585,17.62,17.6,17.6,17.626,17.6,17.6,17.6,
11/23/2015,7:20:00,17.618,17.582,17.617,17.6,17.6,17.622,17.6,17.6,17.6,
11/23/2015,7:25:00,17.614,17.579,17.615,17.6,17.6,17.62,17.6,17.6,17.6,
11/23/2015,7:30:00,17.613,17.578,17.613,17.6,17.6,17.618,17.6,17.6,17.6,
11/23/2015,7:35:00,17.612,17.578,17.613,17.6,17.6,17.618,17.6,17.6,17.6,
11/23/2015,7:40:00,17.611,17.576,17.612,17.6,17.6,17.617,17.6,17.6,17.6,
11/23/2015,7:45:00,17.61,17.576,17.613,17.6,17.6,17.618,17.6,17.6,17.6,
11/23/2015,7:50:00,17.615,17.581,17.618,17.6,17.6,17.623,17.6,17.6,17.6,
11/23/2015,7:55:00,17.621,17.588,17.626,17.6,17.6,17.63,17.6,17.6,17.6,
11/23/2015,8:00:00,17.622,17.59,17.629,17.6,17.6,17.633,17.6,17.6,17.6,
11/23/2015,8:05:00,17.619,17.586,17.625,17.6,17.6,17.629,17.6,17.6,17.6,
11/23/2015,8:10:00,17.624,17.59,17.628,17.6,17.6,17.63,17.6,17.6,17.6,
11/23/2015,8:15:00,17.626,17.594,17.632,17.6,17.6,17.634,17.6,17.6,17.6,
11/23/2015,8:20:00,17.628,17.594,17.632,17.6,17.6,17.635,17.6,17.6,17.6,
11/23/2015,8:25:00,17.632,17.598,17.637,17.6,17.6,17.64,17.6,17.6,17.6,
11/23/2015,8:30:00,17.425,17.455,17.511,17.4,17.5,17.349,17.4,17.5,17.5,
11/23/2015,8:35:00,16.874,16.999,16.925,17.2,17,16.707,17,17.1,17.1,
11/23/2015,8:40:00,16.67,16.728,16.646,17.1,16.9,16.585,16.9,16.9,17,
11/23/2015,8:45:00,16.553,16.555,16.54,17,16.9,16.627,17,16.9,17.1,
11/23/2015,8:50:00,16.488,16.467,16.526,17.1,16.9,16.713,17.1,16.9,17.3,
11/23/2015,8:55:00,16.451,16.45,16.58,17.1,16.9,16.809,17.2,16.9,17.4,
11/23/2015,9:00:00,16.449,16.485,16.653,17.2,17,16.906,17.4,17,17.5,
11/23/2015,9:05:00,16.486,16.553,16.739,17.3,17,17.006,17.5,17.1,17.6,
11/23/2015,9:10:00,16.546,16.632,16.835,17.4,17.1,17.096,17.6,17.2,17.8,
11/23/2015,9:15:00,16.608,16.718,16.925,17.5,17.2,17.178,17.8,17.3,17.9,
11/23/2015,9:20:00,16.701,16.861,17.055,17.6,17.3,17.426,17.9,17.4,18,
11/23/2015,9:25:00,16.829,17.054,17.244,17.7,17.4,17.633,18,17.5,18.1,
11/23/2015,9:30:00,16.984,17.201,17.378,17.7,17.5,17.7,18.1,17.5,18.1,
11/23/2015,9:35:00,17.177,17.33,17.483,17.8,17.5,17.778,18.1,17.6,18.2,
11/23/2015,9:40:00,17.447,17.491,17.626,17.9,17.6,17.914,18.2,17.7,18.3,
11/23/2015,9:45:00,17.613,17.651,17.768,17.9,17.7,18.044,18.3,17.8,18.4,
11/23/2015,9:50:00,17.763,17.803,17.898,18,17.8,18.219,18.4,17.9,18.5,
11/23/2015,9:55:00,17.887,17.931,18.016,18.1,17.9,18.332,18.4,17.9,18.5,
11/23/2015,10:00:00,18.002,18.044,18.137,18.1,18,18.474,18.5,18,18.6,
11/23/2015,10:05:00,18.561,18.687,18.772,18.7,,18.96,19,18.5,19,
11/23/2015,10:10:00,,,19.157,,,19.245,19.6,,19.3,
